name,peak_amplitude,rms_mean,rms_var,zcr_var,zcr_mean,bpm,spectral_centroid
blues/blues.00000.wav,0.8853759766,0.1265456622,0.003780872094,577834.2151,1830.555598,123.046875,752.9471778
blues/blues.00001.wav,0.683807373,0.09287940233,0.002951789829,979742.1812,1234.7592,67.99958882,614.5051757
blues/blues.00002.wav,0.8480529785,0.1719260638,0.004013728275,692435.6647,1681.423166,161.4990234,863.8509177
blues/blues.00003.wav,0.8458862305,0.1379956621,0.00722220753,284974.2958,733.8622291,63.02400915,358.9254506
blues/blues.00004.wav,0.859588623,0.08875503394,0.002808703289,1243112.837,2236.053146,135.9991776,1240.888461
blues/blues.00005.wav,1,0.1011219773,0.00447032965,3439021.862,2072.6208,103.359375,1164.379784
blues/blues.00006.wav,0.9539489746,0.1372947988,0.01006531237,1194270.881,1610.123597,151.9990809,1027.473776
blues/blues.00007.wav,0.9967041016,0.1279039695,0.006554149373,1069829.133,1354.525143,92.28515625,871.5141795
blues/blues.00008.wav,0.8005371094,0.1396848978,0.002270232062,539435.3251,1411.324799,172.265625,662.7985104
blues/blues.00009.wav,0.75390625,0.07960698725,0.004624181191,995227.7895,1745.022781,184.5703125,923.9658738
blues/blues.00010.wav,0.9019775391,0.13896311,0.01030592977,287176.7347,1387.624943,161.4990234,898.4607023
blues/blues.00011.wav,0.6133117676,0.06397747671,0.002730155762,1217083.649,967.7608147,60.09265988,382.0052718
blues/blues.00012.wav,0.7784118652,0.1152442114,0.004949308569,1317927.31,1522.857458,184.5703125,739.3062012
blues/blues.00013.wav,0.7721252441,0.1090857253,0.005105630633,733554.0886,1132.526485,184.5703125,464.8020908
blues/blues.00014.wav,0.805847168,0.06472753159,0.003018186674,862454.293,992.5606648,172.265625,1000.674823
blues/blues.00015.wav,0.8854064941,0.07798098391,0.00325425889,1074233.648,1403.591513,184.5703125,970.3013459
blues/blues.00016.wav,0.7032775879,0.07874870746,0.003076792706,832362.1603,1352.591821,184.5703125,1013.394127
blues/blues.00017.wav,0.7341003418,0.09000490532,0.002760054399,534788.488,1064.99356,161.4990234,643.8775086
blues/blues.00018.wav,0.7309875488,0.07771721519,0.003273069444,965274.3651,1237.425851,83.35433468,695.3573534
blues/blues.00019.wav,0.8094482422,0.09365191521,0.003346737571,1007828.73,1297.692153,61.5234375,914.6486136
blues/blues.00020.wav,0.8666687012,0.07231589004,0.002957272679,407982.7415,1158.992992,184.5703125,773.4598641
blues/blues.00021.wav,0.7975769043,0.09852522196,0.003754097679,1289501.84,1055.826949,99.38401442,859.3099421
blues/blues.00022.wav,0.9991149902,0.110416036,0.004365869341,1585253.712,1290.95886,99.38401442,959.5453766
blues/blues.00023.wav,0.8366394043,0.09916829882,0.004134788816,616539.7559,1156.493007,184.5703125,832.1555687
blues/blues.00024.wav,0.9280395508,0.0839797053,0.003022766011,647974.448,1041.993699,103.359375,720.4747528
blues/blues.00025.wav,0.8592224121,0.0868230158,0.003537094219,763830.4724,1139.359777,184.5703125,755.3548249
blues/blues.00026.wav,0.9199829102,0.07447485076,0.006329048284,849637.9558,1145.193075,184.5703125,712.1868169
blues/blues.00027.wav,0.6803283691,0.09392223402,0.002551248115,1379932.115,1595.957016,95.703125,887.5807071
blues/blues.00028.wav,0.979095459,0.09621154059,0.004788074018,476451.7312,1058.793598,103.359375,852.5238376
blues/blues.00029.wav,0.8825683594,0.1205816308,0.005839518667,2138089.355,1165.692951,129.1992188,470.5608431
blues/blues.00030.wav,0.9667663574,0.1665252524,0.004391013135,770541.2368,867.5280875,112.3471467,380.1458431
blues/blues.00031.wav,0.8224487305,0.1490460492,0.003948818933,793184.1619,946.4942767,184.5703125,411.9154795
blues/blues.00032.wav,0.8610534668,0.09934041453,0.004331273899,1909497.591,867.7280863,184.5703125,422.4741175
blues/blues.00033.wav,0.8288269043,0.1309266281,0.002864079528,962677.6509,924.7277416,78.30255682,397.4671797
blues/blues.00034.wav,0.923034668,0.1327284178,0.004093807376,499327.7035,1007.593907,184.5703125,463.6161122
blues/blues.00035.wav,0.9525756836,0.16945821,0.004683066598,450853.2897,1000.993947,129.1992188,426.4489329
blues/blues.00036.wav,0.9523925781,0.1937230961,0.00630463057,253377.0335,813.0617502,112.3471467,414.7913442
blues/blues.00037.wav,0.7059326172,0.06518151447,0.002769115598,717954.8017,1061.193583,78.30255682,502.6432757
blues/blues.00038.wav,0.9322814941,0.1646563256,0.005074736781,1244970.121,978.0607525,184.5703125,391.1395559
blues/blues.00039.wav,0.9002075195,0.08405216954,0.002937671109,662286.7905,778.3952932,117.4538352,400.9633082
blues/blues.00040.wav,0.8775634766,0.1316138783,0.001645028732,1056547.138,2152.720316,172.265625,764.7804557
blues/blues.00041.wav,0.9104309082,0.1269571581,0.001439956751,1132439.758,2253.386374,129.1992188,808.4408667
blues/blues.00042.wav,0.9362182617,0.1094244913,0.0008730107929,1117627.367,2155.886964,60.09265988,735.7326246
blues/blues.00043.wav,0.9087524414,0.1251611551,0.001874634234,880466.0663,1921.221716,64.59960938,851.2037876
blues/blues.00044.wav,0.8342285156,0.1337760326,0.001150868699,678623.9118,2039.354335,135.9991776,631.8339796
blues/blues.00045.wav,0.7737731934,0.1436153719,0.002088996978,278084.9425,1058.960263,66.25600962,312.7496541
blues/blues.00046.wav,0.8034667969,0.09951746928,0.001569021091,660057.5063,1288.19221,123.046875,419.769817
blues/blues.00047.wav,0.9163513184,0.1110334397,0.0008002125367,614920.1044,1660.423293,73.828125,563.7365153
blues/blues.00048.wav,0.8945007324,0.1222035441,0.001352615452,913297.3315,2177.086835,123.046875,930.0715219
blues/blues.00049.wav,0.7069396973,0.08760482871,0.0006313673971,497781.3788,880.7613408,61.5234375,378.7738702
blues/blues.00050.wav,0.9329528809,0.1767659419,0.005986724454,870551.8573,1890.755234,135.9991776,815.3220747
blues/blues.00051.wav,0.8738708496,0.1933440574,0.003015408723,730250.1052,2349.085795,99.38401442,917.533293
blues/blues.00052.wav,0.9209899902,0.0954466538,0.003668464591,1741842.893,1480.957712,161.4990234,747.4048896
blues/blues.00053.wav,0.9843139648,0.1631123029,0.005408202437,1553077.887,2926.615636,99.38401442,1253.520538
blues/blues.00054.wav,0.9678344727,0.1962501063,0.005419894576,1282806.676,2279.086219,184.5703125,965.3874642
blues/blues.00055.wav,0.9739379883,0.151469826,0.006252111652,1646673.876,2493.484922,66.25600962,1041.056292
blues/blues.00056.wav,0.9985351562,0.1339028275,0.004303385478,1105649.379,1664.22327,161.4990234,741.0602607
blues/blues.00057.wav,0.9365234375,0.1707971136,0.005374044192,1067544.987,1982.321347,92.28515625,889.677183
blues/blues.00058.wav,0.9918518066,0.1569053146,0.006414133872,1227788.089,2299.519428,107.6660156,1004.111079
blues/blues.00059.wav,0.9231262207,0.1622461255,0.006828835383,2621919.629,3134.314381,107.6660156,1155.317782
blues/blues.00060.wav,0.9414978027,0.1907273802,0.005573933025,993135.1126,2147.420348,151.9990809,926.8198338
blues/blues.00061.wav,0.6466064453,0.1394234103,0.001273161447,2179486.81,3692.077675,129.1992188,1215.517808
blues/blues.00062.wav,0.5495910645,0.1041855262,0.001306114204,2196828.324,2581.551056,112.3471467,1165.470851
blues/blues.00063.wav,0.5829162598,0.09407100997,0.00215792314,2031062.157,3402.912756,92.28515625,1332.752411
blues/blues.00064.wav,0.5564575195,0.1159263646,0.0008971908844,958550.5975,3236.080432,78.30255682,1095.175713
blues/blues.00065.wav,0.6197814941,0.09895795281,0.001141676132,1584714.109,3224.280503,107.6660156,1379.600442
blues/blues.00066.wav,0.6143798828,0.1085679871,0.001124719739,2341374.345,2683.617106,161.4990234,1165.340089
blues/blues.00067.wav,0.7239990234,0.1275731591,0.0009513946636,1149291.446,2484.018313,161.4990234,1040.305987
blues/blues.00068.wav,0.6084899902,0.1005250617,0.001513267167,1252481.271,2977.448662,161.4990234,1075.703723
blues/blues.00069.wav,0.7393798828,0.114853634,0.001357750625,1531743.07,2757.016662,123.046875,1125.97007
blues/blues.00070.wav,0.6712036133,0.1036657378,0.001627277861,1179320.546,2167.186895,151.9990809,1067.818181
blues/blues.00071.wav,0.5289611816,0.1190021953,0.0006963021518,1067729.322,2967.482056,73.828125,1060.53904
blues/blues.00072.wav,0.6746520996,0.1030259009,0.00063026367,2010994.968,2847.049451,184.5703125,806.4812751
blues/blues.00073.wav,1,0.2547029344,0.008082162657,727305.3597,2215.519936,99.38401442,832.5693035
blues/blues.00074.wav,1,0.1917155839,0.006327352036,1393504.463,2664.650554,107.6660156,886.3935329
blues/blues.00075.wav,1,0.181307337,0.01205982812,2196342.597,2391.018875,78.30255682,995.4463158
blues/blues.00076.wav,1,0.2147816086,0.006484350781,1808235.104,3007.948478,117.4538352,1241.456095
blues/blues.00077.wav,1,0.2352959467,0.008873669061,904403.439,2457.951804,99.38401442,986.5476999
blues/blues.00078.wav,1,0.2493711842,0.007171786852,629249.5411,2728.850166,123.046875,1016.247826
blues/blues.00079.wav,1,0.2660402879,0.004503863247,1011494.935,2748.416714,78.30255682,982.3919634
blues/blues.00080.wav,0.9977111816,0.2355131136,0.01085072216,819309.3937,2071.787472,117.4538352,881.1362153
blues/blues.00081.wav,0.999420166,0.243773314,0.007604164856,597000.3622,2804.916372,103.359375,1108.388882
blues/blues.00082.wav,0.9835510254,0.2469395038,0.005913412292,545913.8734,2317.385987,103.359375,934.8578692
blues/blues.00083.wav,0.9938049316,0.2420225526,0.008025922928,1126068.062,2599.317616,66.25600962,955.8900452
blues/blues.00084.wav,0.9873046875,0.2281167985,0.01039720616,1162905.772,2498.718224,73.828125,1013.160101
blues/blues.00085.wav,0.9555664062,0.147653612,0.00434062312,928291.2312,1309.25875,143.5546875,670.5446343
blues/blues.00086.wav,0.9788513184,0.1208094157,0.004691038474,1751175.182,1075.926827,123.046875,462.8352419
blues/blues.00087.wav,0.9951477051,0.1549320219,0.003696578972,770963.4006,1120.726556,86.1328125,517.3948869
blues/blues.00088.wav,0.9809265137,0.1380938189,0.004590621334,154721.5599,706.529061,172.265625,333.7041698
blues/blues.00089.wav,1,0.05088847791,0.00198574607,272727.6828,564.9632504,107.6660156,328.6458249
blues/blues.00090.wav,0.8832702637,0.1293037771,0.002820823221,1755932.927,1282.625577,69.83741554,486.6530578
blues/blues.00091.wav,0.9680175781,0.0975808146,0.001642969576,547992.2838,794.3285301,83.35433468,431.9513699
blues/blues.00092.wav,0.5953979492,0.06121595777,0.001765226168,1039748.016,712.0956941,184.5703125,379.4702139
blues/blues.00093.wav,0.7879943848,0.06484824687,0.001941163355,94262.20224,477.9971096,184.5703125,320.1538596
blues/blues.00094.wav,0.9875793457,0.1364656856,0.006631809596,1363234.192,1121.493218,103.359375,449.5984716
blues/blues.00095.wav,0.9799499512,0.1838420102,0.003368550814,905152.32,1259.392385,135.9991776,577.6136958
blues/blues.00096.wav,0.6062011719,0.05077062746,0.0009176619259,788629.1503,1064.226898,184.5703125,522.1996869
blues/blues.00097.wav,1,0.1944811591,0.004458745547,579726.62,983.260721,117.4538352,441.7644227
blues/blues.00098.wav,0.8823242188,0.1218816919,0.002584181886,1555714.283,2830.582884,129.1992188,1216.281341
blues/blues.00099.wav,0.8746032715,0.1033877858,0.005694148554,942245.2536,1647.456705,184.5703125,1177.199889
classical/classical.00000.wav,0.3436279297,0.03579721199,0.0002537693861,274473.2884,2164.820243,184.5703125,1005.601232
classical/classical.00001.wav,0.1715698242,0.03033886952,0.0001786533344,349131.9199,1934.25497,184.5703125,1016.29398
classical/classical.00002.wav,0.3387756348,0.04328684661,0.0002415548069,272111.9314,1984.454667,184.5703125,957.1179194
classical/classical.00003.wav,0.3021850586,0.02921717827,0.0003699245083,642769.0176,2400.785483,184.5703125,1251.330529
classical/classical.00004.wav,0.2957458496,0.04183424492,0.0002495596749,523723.4118,2487.28496,184.5703125,1204.403954
classical/classical.00005.wav,0.3723449707,0.04271401603,0.0006321011088,389778.1783,1657.289979,184.5703125,736.9519783
classical/classical.00006.wav,0.388458252,0.03300946425,0.0003629165057,425441.5248,1606.756951,184.5703125,739.4821282
classical/classical.00007.wav,0.3942260742,0.0404263133,0.0008115061589,632503.0295,1611.690254,184.5703125,733.7968223
classical/classical.00008.wav,0.2934875488,0.03369014456,0.0004842094562,407729.7001,1736.122835,143.5546875,780.2894613
classical/classical.00009.wav,0.2177124023,0.02372349696,0.0002037421044,428905.3507,1239.392506,184.5703125,524.6739262
classical/classical.00010.wav,0.3112487793,0.02906873872,0.0004355097902,497958.9778,1900.055177,184.5703125,987.5255823
classical/classical.00011.wav,0.1594848633,0.021404527,8.205455473e-05,232418.7803,1338.925237,184.5703125,652.9148922
classical/classical.00012.wav,0.3227539062,0.03122806558,0.0006266626908,419227.7511,1453.424545,184.5703125,673.4413241
classical/classical.00013.wav,0.4101867676,0.03132507164,0.0007094866313,598881.9606,1782.15589,129.1992188,793.6130298
classical/classical.00014.wav,0.3889770508,0.0310971777,0.0006276090856,317635.5397,1508.624211,151.9990809,768.0278947
classical/classical.00015.wav,0.1328735352,0.01132823566,9.083358165e-05,401504.561,1668.623243,184.5703125,890.7642372
classical/classical.00016.wav,0.07757568359,0.007942094025,1.892490901e-05,239426.8589,1049.826985,103.359375,610.1975495
classical/classical.00017.wav,0.4656066895,0.03680982577,0.001073517329,201392.8044,1786.722529,184.5703125,882.9821842
classical/classical.00018.wav,0.3854064941,0.01853915243,0.0003257222628,472873.6812,1557.25725,184.5703125,617.0023401
classical/classical.00019.wav,0.09335327148,0.007927922041,3.092143197e-05,597202.3631,1270.025654,184.5703125,578.5789675
classical/classical.00020.wav,0.3334960938,0.0379727161,0.0005523760031,322586.982,1538.290698,151.9990809,707.1319638
classical/classical.00021.wav,0.4773254395,0.04479762616,0.001570575064,360421.5378,1752.689402,135.9991776,880.5779395
classical/classical.00022.wav,0.4125061035,0.04743429165,0.0009302255046,245252.3362,1508.19088,112.3471467,828.0286789
classical/classical.00023.wav,0.1077575684,0.01706080662,4.816751458e-05,200837.7978,974.4607742,184.5703125,535.9075146
classical/classical.00024.wav,0.451385498,0.06571204669,0.0006898054675,210850.36,1578.490455,151.9990809,743.0787
classical/classical.00025.wav,0.4268798828,0.06311412634,0.0006469748226,250207.4363,1505.324231,66.25600962,696.2496069
classical/classical.00026.wav,0.5492248535,0.03835798803,0.001288471202,275897.7567,1801.322441,161.4990234,861.3110304
classical/classical.00027.wav,0.2040405273,0.02822051031,0.0002186866684,165121.4031,1177.659546,184.5703125,678.1692625
classical/classical.00028.wav,0.3969116211,0.06193074722,0.0007393334263,403760.6903,1786.789196,161.4990234,822.1192501
classical/classical.00029.wav,0.4925537109,0.04121266034,0.00125461537,665153.4347,2032.354377,172.265625,840.0260157
classical/classical.00030.wav,0.2224121094,0.02938112796,0.0002948687197,500133.2882,1404.558173,184.5703125,621.0393148
classical/classical.00031.wav,0.3760070801,0.02562710926,0.0004040701782,186541.6107,869.3280766,172.265625,528.046742
classical/classical.00032.wav,0.06893920898,0.008009705893,2.151449499e-05,43612.72922,806.0284594,184.5703125,441.7619233
classical/classical.00033.wav,0.2761230469,0.01223002275,0.0001898713102,386312.7358,1198.626085,161.4990234,488.3285262
classical/classical.00034.wav,0.5255432129,0.03865906363,0.0006932734638,805328.5761,1620.456868,184.5703125,600.644879
classical/classical.00035.wav,0.5279846191,0.03903734167,0.000773365674,1084396.148,1347.191854,151.9990809,569.5212634
classical/classical.00036.wav,0.1962585449,0.01575419679,0.0001977458634,684598.7817,1309.825413,184.5703125,518.3753008
classical/classical.00037.wav,0.7313842773,0.04064896217,0.0009891172674,974357.1764,2069.587485,64.59960938,880.7388939
classical/classical.00038.wav,0.4998168945,0.04378568848,0.001141749415,439376.4241,1670.856563,184.5703125,683.7465427
classical/classical.00039.wav,0.3140258789,0.0125437047,0.0002262220334,1305247.454,2400.485485,184.5703125,707.5065856
classical/classical.00040.wav,0.2839660645,0.01950029316,0.0001772303296,378925.3407,1600.290323,184.5703125,768.2357694
classical/classical.00041.wav,0.4455871582,0.0211053978,0.0005975272073,629144.0924,1737.689492,184.5703125,655.9456935
classical/classical.00042.wav,0.818572998,0.1326819163,0.003111712835,202005.4797,2068.176017,184.5703125,1050.668528
classical/classical.00043.wav,0.6334838867,0.1143870919,0.003146521876,134398.6946,1124.126536,151.9990809,635.0303397
classical/classical.00044.wav,0.1350402832,0.01778400222,4.995171981e-05,329818.1668,1580.45711,123.046875,793.9917623
classical/classical.00045.wav,0.8120422363,0.1365869213,0.002241438398,160317.5009,1372.35629,184.5703125,725.3794961
classical/classical.00046.wav,0.6363220215,0.1145323905,0.0004945217176,393091.7438,2459.451795,64.59960938,1001.423861
classical/classical.00047.wav,0.109161377,0.009447329963,2.869759833e-05,239642.3229,1462.024493,184.5703125,653.2865761
classical/classical.00048.wav,0.7982788086,0.1598276246,0.003507998065,977056.6505,1921.659628,184.5703125,873.8548014
classical/classical.00049.wav,0.8507080078,0.122685933,0.004308971241,679016.8014,2411.418519,184.5703125,955.0286187
classical/classical.00050.wav,0.05795288086,0.007917308833,1.757020917e-05,153302.5316,1090.42674,184.5703125,537.9964733
classical/classical.00051.wav,0.582611084,0.07984423842,0.003286607369,881531.6563,1324.150217,151.9990809,784.3528144
classical/classical.00052.wav,0.6128234863,0.05435506116,0.001410051316,1504793.067,2797.683083,161.4990234,891.448225
classical/classical.00053.wav,0.7511901855,0.136624336,0.003617604572,350263.2108,1932.028786,184.5703125,881.3181188
classical/classical.00054.wav,0.7236633301,0.1729252678,0.002708401296,932554.9979,2536.063568,95.703125,1209.692648
classical/classical.00055.wav,0.1083679199,0.0129990571,0.0001144093014,299946.5803,1307.492094,184.5703125,647.2575095
classical/classical.00056.wav,0.8161010742,0.189214928,0.003874342892,419812.5486,2132.136296,184.5703125,884.006874
classical/classical.00057.wav,0.1825561523,0.01648193403,0.0001016738354,969413.6584,2098.05398,107.6660156,1060.687647
classical/classical.00058.wav,0.2351074219,0.02985809688,0.0001324222907,389084.0323,1803.855759,184.5703125,911.9811894
classical/classical.00059.wav,0.701171875,0.06814804629,0.001424489612,571932.2599,2055.487571,78.30255682,1023.75715
classical/classical.00060.wav,0.5353393555,0.06765745221,0.0008768715123,641279.1823,2292.186139,123.046875,1101.170986
classical/classical.00061.wav,0.5942382812,0.0475095911,0.0009777566803,504496.2487,1677.356524,161.4990234,911.125756
classical/classical.00062.wav,0.710723877,0.03844898836,0.001347334085,756936.058,1631.556801,184.5703125,1049.393293
classical/classical.00063.wav,0.2200927734,0.01993360224,0.000190067261,27684.17519,794.295197,184.5703125,548.7841438
classical/classical.00064.wav,0.2144775391,0.01232889884,0.0001981589311,90116.33571,931.7610324,184.5703125,694.2783982
classical/classical.00065.wav,0.366973877,0.02856114404,0.0005435818359,137922.2964,1046.660338,123.046875,618.7488452
classical/classical.00066.wav,0.4116821289,0.0311349363,0.0005834791412,58311.65479,992.1940003,135.9991776,598.6296739
classical/classical.00067.wav,0.5882263184,0.03117218218,0.001366907985,190657.5209,1021.527156,151.9990809,655.2345429
classical/classical.00068.wav,0.4384765625,0.05687374383,0.0009420881592,243716.2126,2097.653982,172.265625,1032.249342
classical/classical.00069.wav,0.209564209,0.02899207235,0.0001582324685,263061.8975,1746.956103,184.5703125,897.7613041
classical/classical.00070.wav,0.4661254883,0.03143311692,0.0007191017675,355740.1111,1561.657224,143.5546875,807.7736751
classical/classical.00071.wav,0.4760131836,0.05116064211,0.0016469964,346261.2024,1672.556553,184.5703125,872.1361232
classical/classical.00072.wav,0.223449707,0.02052843344,0.0002097025069,500568.8262,1405.191503,184.5703125,617.7642629
classical/classical.00073.wav,0.330657959,0.0431507253,0.0006250432529,300712.9888,1564.023876,135.9991776,820.236279
classical/classical.00074.wav,0.5289306641,0.0367700444,0.0007565627512,322300.0077,1590.090385,80.74951172,782.6586521
classical/classical.00075.wav,0.1484375,0.01633774722,0.0001044583939,384410.7955,1341.658554,184.5703125,665.0639756
classical/classical.00076.wav,0.521270752,0.05824935775,0.00147905062,328487.9062,1581.157106,172.265625,757.6617846
classical/classical.00077.wav,0.3265380859,0.01654975252,0.0003212901787,136479.5617,1065.360225,184.5703125,530.1129764
classical/classical.00078.wav,0.06204223633,0.006531364161,2.071160214e-05,67194.22292,909.7944986,184.5703125,615.6887049
classical/classical.00079.wav,0.2545776367,0.01853153388,0.0001569390129,197521.2557,1147.726393,184.5703125,729.9733823
classical/classical.00080.wav,0.06350708008,0.005244681044,3.004576279e-05,100430.2876,694.9291312,184.5703125,420.6762699
classical/classical.00081.wav,0.1180419922,0.01637963302,5.453265067e-05,273171.4163,1334.925261,184.5703125,729.9161895
classical/classical.00082.wav,0.274597168,0.042751044,0.000238809029,535300.264,1925.988354,184.5703125,976.0524687
classical/classical.00083.wav,0.2999572754,0.04171725557,0.000486078097,73735.20937,1118.626569,184.5703125,630.7046618
classical/classical.00084.wav,0.2464599609,0.02162703661,0.0002106941945,115389.9412,1277.025611,112.3471467,697.0031925
classical/classical.00085.wav,0.4704589844,0.03848485658,0.000438380065,499854.296,2018.621127,184.5703125,946.5081188
classical/classical.00086.wav,0.4445800781,0.03094136469,0.0003932158897,582111.8701,1693.156428,184.5703125,826.7283317
classical/classical.00087.wav,0.1650695801,0.02138052374,0.0001302229165,95982.44366,1124.859865,184.5703125,640.7221887
classical/classical.00088.wav,0.2946472168,0.02782181745,0.0002576433103,279121.8066,1555.323929,107.6660156,794.915057
classical/classical.00089.wav,0.2799987793,0.03455530289,0.0002626954703,782022.3413,3673.211122,184.5703125,1772.755464
classical/classical.00090.wav,0.1924133301,0.02363591553,0.0001179650726,1181208.786,3349.113082,184.5703125,1311.033628
classical/classical.00091.wav,0.3984985352,0.04414141954,0.0004496408837,1237105.051,3358.813023,143.5546875,1483.763849
classical/classical.00092.wav,0.4411315918,0.08231894656,0.00174740846,1704185.438,2886.349213,172.265625,1712.475371
classical/classical.00093.wav,0.7276000977,0.07958725746,0.002267373744,567898.3142,2385.185577,143.5546875,1182.5481
classical/classical.00094.wav,0.1402893066,0.01391745585,8.321723244e-05,681199.2673,1545.357322,184.5703125,800.3192994
classical/classical.00095.wav,0.2744445801,0.01342454324,0.0002333126706,2035280.884,2741.116758,184.5703125,835.5201687
classical/classical.00096.wav,0.4547424316,0.05636032132,0.0008579806065,1348234.344,2591.184331,107.6660156,1167.498683
classical/classical.00097.wav,0.4511108398,0.03583672864,0.0005285561156,539378.3569,1893.455217,107.6660156,816.733541
classical/classical.00098.wav,0.273223877,0.02833558694,0.0003759885801,1309641.193,2719.983553,184.5703125,1402.452255
classical/classical.00099.wav,0.06692504883,0.01045037204,5.426972323e-06,296878.7341,1777.78925,172.265625,821.9924751
country/country.00000.wav,0.7735290527,0.2476649064,0.001085779849,1147883.377,2362.732791,161.4990234,922.1432313
country/country.00001.wav,0.7216186523,0.2293064012,0.001010310909,766795.4866,2798.983075,64.59960938,1002.636742
country/country.00002.wav,0.6207885742,0.1445342006,0.002143917829,2680833.414,1634.612304,80.74951172,643.2506384
country/country.00003.wav,0.8180236816,0.2026717653,0.002605275736,1567393.612,2259.802085,161.4990234,896.7254266
country/country.00004.wav,0.7361450195,0.2082572555,0.001312766231,984760.9902,2736.568219,117.4538352,948.2774432
country/country.00005.wav,0.6833496094,0.2016672652,0.002362305765,1616670.03,3005.519153,64.59960938,1175.645266
country/country.00006.wav,0.8582763672,0.2119535644,0.002521107326,1909828.635,2827.840481,73.828125,955.1842499
country/country.00007.wav,0.7616882324,0.2433019861,0.001085375436,1214131.475,2489.111517,184.5703125,894.0053968
country/country.00008.wav,0.8630981445,0.273185399,0.001744574539,802670.642,2304.650879,135.9991776,900.9531676
country/country.00009.wav,0.8190917969,0.2350432491,0.002062210762,1216686.462,3457.849979,95.703125,1112.781508
country/country.00010.wav,0.6986999512,0.07399093683,0.001225133617,1537323.429,1686.689801,78.30255682,788.2984394
country/country.00011.wav,0.7925720215,0.07736895642,0.002002689202,5231528.349,2427.451988,184.5703125,1185.996197
country/country.00012.wav,0.7923278809,0.1249665851,0.002477296977,768314.5871,1411.691464,89.10290948,629.1086926
country/country.00013.wav,0.9899902344,0.0782209403,0.00140301711,1675428.933,2854.449406,129.1992188,1237.893657
country/country.00014.wav,0.6188964844,0.08985798495,0.001560972452,4274543.73,2749.950038,135.9991776,837.2772296
country/country.00015.wav,0.4979248047,0.1041655948,0.0007996431368,1294709.107,2075.987447,151.9990809,753.7154783
country/country.00016.wav,0.5612182617,0.07864547116,0.0009476127397,496555.3581,1326.491979,103.359375,676.819233
country/country.00017.wav,0.4771728516,0.08765249123,0.0005363190678,471917.3627,1407.424823,89.10290948,594.8264041
country/country.00018.wav,0.7628173828,0.09484428272,0.001386226154,1081872.493,2106.553929,86.1328125,901.718361
country/country.00019.wav,0.7389526367,0.08069075317,0.003423381393,552553.8542,1122.759877,184.5703125,761.9478906
country/country.00020.wav,0.6471557617,0.1042171722,0.001201538194,3479232.021,1913.055099,184.5703125,876.3347586
country/country.00021.wav,0.6576843262,0.1083921786,0.001997091954,252955.563,1006.260582,60.09265988,528.3125657
country/country.00022.wav,0.7571105957,0.07349272275,0.001259191897,466725.6489,1500.590926,184.5703125,692.7140564
country/country.00023.wav,0.4283752441,0.03839804298,0.0005094044278,1205024.098,781.395275,184.5703125,471.6525703
country/country.00024.wav,0.675994873,0.09523942338,0.00194010896,1257087.174,1816.222351,129.1992188,927.0104819
country/country.00025.wav,0.9021606445,0.07926157172,0.001238106851,912255.4952,1262.225701,184.5703125,678.6002367
country/country.00026.wav,0.6285400391,0.09938813408,0.001541541864,595195.1352,1208.059362,107.6660156,606.0540204
country/country.00027.wav,0.8185424805,0.1153007056,0.001331398137,610424.9766,2145.087029,92.28515625,944.0846043
country/country.00028.wav,0.6143188477,0.09304920477,0.001153688408,366934.1168,1318.558694,184.5703125,626.247802
country/country.00029.wav,0.7963562012,0.1154998238,0.002404047244,295648.7223,1194.992774,92.28515625,693.1294034
country/country.00030.wav,0.5888977051,0.07866338919,0.002318292567,174700.1672,943.794293,184.5703125,521.7982445
country/country.00031.wav,0.7226257324,0.09980086275,0.001452233179,1434350.871,2100.587298,60.09265988,923.0114067
country/country.00032.wav,0.6055908203,0.06007634161,0.001272601313,1225153.489,1489.090996,184.5703125,657.9028188
country/country.00033.wav,0.8886108398,0.1018173785,0.002887664934,2044355.519,2725.350187,184.5703125,1299.429199
country/country.00034.wav,0.6592407227,0.07433088087,0.002191479642,2605278.972,2628.384107,135.9991776,1193.490601
country/country.00035.wav,0.748046875,0.09718412294,0.001700460327,1648850.877,2300.119425,99.38401442,820.5404827
country/country.00036.wav,0.3544921875,0.02247124223,0.0002695411416,2150635.452,1869.955359,184.5703125,863.689994
country/country.00037.wav,0.6835327148,0.07124694856,0.0009328133761,1621425.781,1872.08868,184.5703125,779.2544756
country/country.00038.wav,0.825012207,0.08831283849,0.00139803123,1310550.056,2669.750523,151.9990809,906.783971
country/country.00039.wav,0.684967041,0.09172531061,0.001636899997,3291433.634,4680.371698,92.28515625,1528.972288
country/country.00040.wav,0.8280639648,0.1062265484,0.002122962549,949457.9519,2343.352497,143.5546875,890.1536289
country/country.00041.wav,0.7471313477,0.1115031698,0.0009811495322,1971168.463,2112.120562,64.59960938,775.9333999
country/country.00042.wav,0.7811279297,0.115463949,0.001023420004,957243.6533,1918.2884,103.359375,620.4618812
country/country.00043.wav,0.7005615234,0.09242187739,0.001953318814,1424206.246,2959.548771,135.9991776,1207.439537
country/country.00044.wav,0.8884277344,0.1124615982,0.001695551445,924372.0653,1465.857803,161.4990234,872.1948721
country/country.00045.wav,0.9414672852,0.1444852203,0.002414187882,2500476.163,2930.282281,161.4990234,1176.396678
country/country.00046.wav,0.6489257812,0.1020297525,0.001376427792,1460858.052,2553.084562,78.30255682,1279.750006
country/country.00047.wav,0.5411682129,0.0895356336,0.001182496618,962560.6735,2073.354129,73.828125,1051.758185
country/country.00048.wav,0.6994934082,0.1145845514,0.002645149259,942801.5758,1409.591476,117.4538352,608.2736318
country/country.00049.wav,0.7131958008,0.1424089022,0.002029145921,528752.8621,1670.2899,184.5703125,867.9407354
country/country.00050.wav,0.6840515137,0.1081168409,0.001276545889,1269485.033,1739.68948,117.4538352,713.4355784
country/country.00051.wav,0.6175842285,0.08967990992,0.0009493475341,1109488.683,1305.758771,184.5703125,548.9515098
country/country.00052.wav,0.4563293457,0.0689735283,0.0004694674953,383743.0602,781.3619419,184.5703125,522.288555
country/country.00053.wav,0.8682250977,0.130606177,0.00191493197,932917.1742,2386.352237,89.10290948,840.3027442
country/country.00054.wav,0.6324768066,0.103156336,0.001140531178,451320.9452,1326.625311,161.4990234,526.0764354
country/country.00055.wav,0.831451416,0.1529170854,0.002138579473,395308.4192,1787.455858,129.1992188,747.3193905
country/country.00056.wav,0.7069702148,0.1353877643,0.002261186526,583971.3376,1209.992683,184.5703125,718.5574464
country/country.00057.wav,1,0.1292884307,0.002580904838,842552.4004,1663.223276,135.9991776,785.339404
country/country.00058.wav,0.9323730469,0.1612416054,0.003340623867,695815.3939,1614.856902,112.3471467,654.0291932
country/country.00059.wav,0.7830200195,0.1444723532,0.002677832774,586205.0617,1157.726333,135.9991776,597.3091257
country/country.00060.wav,0.8696289062,0.1400344797,0.00199989539,719892.6749,945.8942803,184.5703125,482.7846415
country/country.00061.wav,0.7213745117,0.1065477935,0.00157219831,467200.6376,1070.826858,184.5703125,556.370803
country/country.00062.wav,0.7340698242,0.127108826,0.002233611981,1143552.917,2254.786366,89.10290948,832.1642882
country/country.00063.wav,0.9321594238,0.1272936235,0.003509210821,857444.6614,1283.725571,83.35433468,610.332162
country/country.00064.wav,0.4183654785,0.08211543548,0.001086147141,383858.1577,1323.991994,184.5703125,684.9953274
country/country.00065.wav,0.9128417969,0.1094806895,0.004129904158,295840.8966,852.0948475,184.5703125,650.8669753
country/country.00066.wav,0.9270019531,0.1336535013,0.002226474184,464181.9541,2179.420155,112.3471467,1158.78432
country/country.00067.wav,0.6196899414,0.05477622315,0.001305510101,436786.7654,779.361954,184.5703125,608.7902227
country/country.00068.wav,0.7680053711,0.08116484445,0.001996286587,353142.4536,1107.393304,83.35433468,596.3962917
country/country.00069.wav,0.9030151367,0.08456339915,0.00265539839,667975.6061,1346.058527,184.5703125,580.7703893
country/country.00070.wav,0.9049987793,0.1405285841,0.003908176394,949248.6122,2087.154046,112.3471467,968.6849145
country/country.00071.wav,0.8888549805,0.1172624818,0.004208377406,497422.5121,1333.825268,184.5703125,839.5340273
country/country.00072.wav,0.9122924805,0.153588137,0.003331830443,398097.3044,1813.155703,151.9990809,861.8298284
country/country.00073.wav,0.8450927734,0.09323846082,0.001948845103,561663.8207,1536.657375,75.99954044,686.9160337
country/country.00074.wav,0.8820495605,0.08104467824,0.003169524117,1026925.415,1567.15719,184.5703125,957.7191071
country/country.00075.wav,0.924621582,0.1760668343,0.004205532235,980401.3788,2506.118179,95.703125,915.4947304
country/country.00076.wav,0.8862915039,0.1264850655,0.003262886176,931449.903,1464.957808,151.9990809,957.270392
country/country.00077.wav,0.8019104004,0.1302331647,0.001970002022,316388.4526,1935.621629,92.28515625,994.0891479
country/country.00078.wav,0.9150390625,0.04275009605,0.001133369902,809321.6389,1099.526685,69.83741554,830.532571
country/country.00079.wav,0.7978210449,0.1141235202,0.001858365797,338834.5367,1008.693901,184.5703125,691.0666848
country/country.00080.wav,1,0.149263252,0.003365330769,1374356.351,1969.288092,99.38401442,862.1497567
country/country.00081.wav,1,0.1639958751,0.004590876511,1486830.801,2226.919867,89.10290948,871.3264659
country/country.00082.wav,1,0.1626997363,0.003622196437,1512565.524,2337.419199,117.4538352,839.6631803
country/country.00083.wav,0.8829650879,0.1297899882,0.002160200532,597321.775,1312.358731,143.5546875,713.5200082
country/country.00084.wav,1,0.1778346072,0.004455093166,1035233.978,2049.454274,86.1328125,810.0762772
country/country.00085.wav,0.8547058105,0.1343771735,0.002178636114,760449.9944,1527.45743,143.5546875,874.6254761
country/country.00086.wav,1,0.1306968599,0.002501080091,696121.1902,1725.589566,117.4538352,737.5957567
country/country.00087.wav,0.947845459,0.1076008868,0.002965069088,818092.5006,1630.023477,151.9990809,879.4072261
country/country.00088.wav,1,0.1509975923,0.003237190978,471552.256,1455.424533,107.6660156,726.5310557
country/country.00089.wav,0.8103942871,0.1038237827,0.00244186296,794728.1965,1157.293002,184.5703125,715.6572661
country/country.00090.wav,1,0.1448897091,0.003118470964,1065196.278,2182.45347,67.99958882,869.7039414
country/country.00091.wav,0.8431396484,0.0885069241,0.001944734253,860301.3413,1426.891372,117.4538352,801.0096129
country/country.00092.wav,1,0.1728187561,0.002193483579,927525.1072,2671.517179,161.4990234,935.0077734
country/country.00093.wav,0.6622924805,0.09188317376,0.001877152153,1137021.995,1500.957591,184.5703125,752.4822313
country/country.00094.wav,0.9717407227,0.2046641456,0.003896877582,691323.9004,1388.624937,75.99954044,659.8301628
country/country.00095.wav,0.9110412598,0.1729364099,0.005796285211,2028619.466,1484.657689,184.5703125,719.6820977
country/country.00096.wav,0.9926452637,0.2160468488,0.004353770314,1317924.635,2146.987017,117.4538352,965.0469452
country/country.00097.wav,0.911529541,0.1521264997,0.003144011049,1655948.901,1480.957712,184.5703125,832.927182
country/country.00098.wav,0.930847168,0.1739560744,0.004447857636,651303.6388,1360.191775,60.09265988,670.453276
country/country.00099.wav,0.9975585938,0.2157093326,0.006463215161,1819051.819,2385.652241,143.5546875,901.397795
disco/disco.00000.wav,0.7491760254,0.1361248257,0.00581930725,4055706.345,2127.619928,60.09265988,664.5280607
disco/disco.00001.wav,0.759765625,0.1728597069,0.004139621992,2918023.584,4155.924754,117.4538352,1478.654443
disco/disco.00002.wav,0.819519043,0.1573901939,0.003449889527,3278651.958,3379.712897,112.3471467,846.7106004
disco/disco.00003.wav,0.7755126953,0.1920343087,0.003764710094,4715781.169,3295.240606,63.02400915,1100.61664
disco/disco.00004.wav,0.9872131348,0.1085878767,0.004547444128,3489044.435,3724.244147,123.046875,1001.349358
disco/disco.00005.wav,0.7267150879,0.2031104649,0.004450033846,2666571.123,3187.508537,107.6660156,1160.726949
disco/disco.00006.wav,0.7861938477,0.1873316662,0.003883232419,1129844.194,3606.511525,123.046875,1148.73851
disco/disco.00007.wav,0.9867553711,0.1524751636,0.007144221346,2235831.285,3091.381307,129.1992188,1166.589558
disco/disco.00008.wav,0.8452453613,0.1833845983,0.008297518867,2347443.026,3620.630598,123.046875,1347.618691
disco/disco.00009.wav,0.9885559082,0.1145245453,0.002940690885,3045099.781,3761.343922,129.1992188,1516.191901
disco/disco.00010.wav,0.8689575195,0.2292204169,0.004744477391,2457629.371,3312.646636,107.6660156,1147.037952
disco/disco.00011.wav,0.9885559082,0.1854159907,0.003382808388,3781969.856,2887.149208,184.5703125,838.1417659
disco/disco.00012.wav,0.7014160156,0.1706148705,0.005433864556,2826069.77,2897.687394,112.3471467,1232.863238
disco/disco.00013.wav,0.8663330078,0.1649771119,0.004345404892,3265953.83,3515.812074,184.5703125,899.1014369
disco/disco.00014.wav,0.6670227051,0.1714120918,0.002012923807,1939314.002,3444.144937,103.359375,1083.944505
disco/disco.00015.wav,0.8887023926,0.2129285576,0.003422854614,1107122.241,1988.487976,60.09265988,707.566662
disco/disco.00016.wav,0.8296813965,0.2014762222,0.003696909778,1660619.354,2517.865552,61.5234375,963.7231273
disco/disco.00017.wav,0.9885559082,0.1085788734,0.00519119582,2987451.82,2660.417246,61.5234375,767.0177572
disco/disco.00018.wav,0.9510192871,0.1331425678,0.003803275906,1980611.028,3163.814202,123.046875,1129.949195
disco/disco.00019.wav,0.9885559082,0.142175165,0.004609052663,1776644.935,2284.619519,117.4538352,1133.136673
disco/disco.00020.wav,0.7500915527,0.1224034871,0.001380090159,1561852.919,2275.152909,161.4990234,875.6104825
disco/disco.00021.wav,0.8472290039,0.1067741174,0.003042891598,2370814.861,2733.783469,107.6660156,790.9846372
disco/disco.00022.wav,0.781829834,0.1298790544,0.006178038384,5844182.789,3809.443631,60.09265988,851.3585385
disco/disco.00023.wav,0.9885559082,0.1750064203,0.003117424738,4303645.965,3327.413213,112.3471467,1169.45373
disco/disco.00024.wav,0.9855651855,0.1349034328,0.006207777776,1196545.045,2649.250647,129.1992188,930.0072833
disco/disco.00025.wav,0.8934326172,0.1019019169,0.004682007367,2121986.502,2196.853383,123.046875,734.8702554
disco/disco.00026.wav,0.8620910645,0.1406051463,0.002233931644,3991219.023,2899.749132,60.09265988,970.0382902
disco/disco.00027.wav,0.9579162598,0.1095288716,0.004860424082,4608014.631,2229.953182,112.3471467,647.8272022
disco/disco.00028.wav,0.9697570801,0.1661915979,0.005543921743,8727304.21,4371.240234,123.046875,1246.496637
disco/disco.00029.wav,0.9237670898,0.1415076028,0.004947560549,2151460.474,3052.848207,103.359375,1036.036699
disco/disco.00030.wav,0.9390869141,0.1615133249,0.007461918544,3857490.027,3323.346571,135.9991776,777.8846428
disco/disco.00031.wav,0.931427002,0.1116372984,0.003455055428,2145256.198,3829.043513,123.046875,1313.411623
disco/disco.00032.wav,0.899810791,0.104385057,0.005855356518,1914272.186,2716.883571,112.3471467,987.1295567
disco/disco.00033.wav,0.8162231445,0.1551868104,0.001598783846,1211421.785,2743.450077,129.1992188,1098.976362
disco/disco.00034.wav,0.9566040039,0.1203935107,0.002621021673,2464123.465,3985.142569,64.59960938,1116.778936
disco/disco.00035.wav,0.8697814941,0.145238712,0.006562547417,5494280.216,3885.909836,123.046875,949.3366758
disco/disco.00036.wav,0.9056396484,0.1682933787,0.004687433294,1883907.452,3570.978407,135.9991776,1318.227405
disco/disco.00037.wav,0.8949890137,0.1577547724,0.005663057754,3985631.304,4186.941349,129.1992188,1224.826054
disco/disco.00038.wav,0.8173828125,0.1097340256,0.00264938517,3722477.679,3706.977584,123.046875,1179.746162
disco/disco.00039.wav,0.869354248,0.1220563192,0.001869285936,624378.0445,2229.253187,112.3471467,1057.488817
disco/disco.00040.wav,0.9545898438,0.1359820967,0.008306334874,1857393.59,2785.849821,135.9991776,948.3982659
disco/disco.00041.wav,0.8937072754,0.1724954569,0.004463071047,892626.7015,1186.292827,161.4990234,539.3967115
disco/disco.00042.wav,0.8869018555,0.1335471659,0.00257947908,1077826.067,2680.650457,103.359375,1137.770743
disco/disco.00043.wav,0.8856201172,0.1683069613,0.004292175363,3370144.961,2968.548716,64.59960938,1018.678811
disco/disco.00044.wav,0.9674072266,0.1439479759,0.004441806148,1224002.028,2415.252062,123.046875,1063.27704
disco/disco.00045.wav,0.9255981445,0.1307328933,0.004073119404,2716349.437,2418.085378,123.046875,904.9383009
disco/disco.00046.wav,0.9322509766,0.1070884766,0.004318778908,1625386.01,2516.851448,123.046875,954.7680205
disco/disco.00047.wav,0.4440307617,0.04643068806,0.001129459176,1622626.181,1918.521732,184.5703125,1217.82907
disco/disco.00048.wav,0.8616333008,0.107249448,0.002785515804,2398069.407,3402.379426,103.359375,1299.568456
disco/disco.00049.wav,1,0.2003836185,0.01099074748,3269575.636,2982.581965,80.74951172,937.5775379
disco/disco.00050.wav,0.828125,0.1554100819,0.002932429237,1024908.383,2837.916173,107.6660156,1091.564359
disco/disco.00051.wav,0.7963256836,0.1029431392,0.001957429323,1413884.616,3474.512323,107.6660156,1260.257765
disco/disco.00052.wav,0.9547424316,0.1216375613,0.002928447893,1954610.601,3742.510703,129.1992188,1425.009404
disco/disco.00053.wav,1,0.1658794714,0.007620828956,6683561.424,3398.846114,135.9991776,864.1260488
disco/disco.00054.wav,0.4967651367,0.04852027692,0.001034233777,4129586.244,2526.518056,112.3471467,691.7871945
disco/disco.00055.wav,0.8335876465,0.1172641227,0.002878734863,1269680.4,2433.385286,129.1992188,1058.257396
disco/disco.00056.wav,0.8307495117,0.07257361469,0.001427309612,1078596.902,1695.856412,89.10290948,643.6588797
disco/disco.00057.wav,0.4779663086,0.07439642699,0.0008094914573,451274.4446,2037.187681,117.4538352,857.0605119
disco/disco.00058.wav,1,0.1144930645,0.004157931682,2483537.4,2445.918543,129.1992188,836.1523025
disco/disco.00059.wav,0.7889099121,0.1118502019,0.004037688131,3049623.566,2428.685314,123.046875,1096.239469
disco/disco.00060.wav,0.9308776855,0.1097682948,0.002729565978,1233356.955,2049.254275,129.1992188,786.6314415
disco/disco.00061.wav,1,0.1725232279,0.0139537231,2040567.38,2553.651225,63.02400915,864.1053879
disco/disco.00062.wav,1,0.1407075144,0.01151891649,2468114.395,2812.949657,107.6660156,922.526857
disco/disco.00063.wav,1,0.2784002665,0.0211402225,2702052.996,2197.686711,129.1992188,575.0234033
disco/disco.00064.wav,0.7099914551,0.08823702832,0.001693135232,1083085.9,1431.091346,61.5234375,743.6946394
disco/disco.00065.wav,1,0.1749683105,0.009321949594,1345848.719,1622.656855,66.25600962,656.5871415
disco/disco.00066.wav,0.9482421875,0.1623488953,0.00634847871,2790699.588,3055.114859,135.9991776,1201.987777
disco/disco.00067.wav,0.6801757812,0.08954067827,0.001274743178,1881295.456,3157.147576,99.38401442,1142.275439
disco/disco.00068.wav,0.9643249512,0.10236058,0.002616585584,4080055.901,3584.778323,107.6660156,1067.637239
disco/disco.00069.wav,0.8621826172,0.1078002784,0.00257204785,872768.8172,1842.28886,107.6660156,632.6458154
disco/disco.00070.wav,0.848449707,0.1069568881,0.002284426048,1207286.434,2966.815393,107.6660156,1016.529746
disco/disco.00071.wav,0.7046813965,0.0950182502,0.00217209055,2991932.696,3436.912551,112.3471467,1060.127572
disco/disco.00072.wav,0.8052368164,0.08092445481,0.002182969041,3664569.872,4057.142134,135.9991776,1508.192826
disco/disco.00073.wav,0.9381103516,0.09080256413,0.002615289224,3108102.416,3887.776491,112.3471467,1152.200909
disco/disco.00074.wav,0.9869689941,0.1708921132,0.007197502978,2005163.353,3330.213196,112.3471467,1104.632717
disco/disco.00075.wav,0.9703674316,0.1078831068,0.001952689328,1568298.014,2863.482685,66.25600962,998.9399605
disco/disco.00076.wav,1,0.1200730047,0.00366412836,1173685.45,2685.983758,129.1992188,1014.10682
disco/disco.00077.wav,0.9664306641,0.1997427086,0.007815935664,1940347.236,2591.984327,117.4538352,867.0289693
disco/disco.00078.wav,0.6943664551,0.06509748149,0.0018449867,1442368.974,2117.987193,129.1992188,750.0196337
disco/disco.00079.wav,0.7639770508,0.08032297906,0.00251516822,1963144.076,2198.853371,60.09265988,775.1859509
disco/disco.00080.wav,0.622833252,0.05566735114,0.001451921567,1595499.753,1868.122037,129.1992188,551.5063054
disco/disco.00081.wav,0.7587585449,0.07306650508,0.003170692837,2889787.864,2565.951151,86.1328125,711.6039104
disco/disco.00082.wav,1,0.1701500813,0.01114022723,3973675.583,3046.848243,123.046875,949.5249815
disco/disco.00083.wav,0.5932922363,0.08329785211,0.00182502414,1907095.437,1983.088009,117.4538352,588.8153866
disco/disco.00084.wav,0.6886901855,0.05592244429,0.003039778341,4403911.001,3337.879816,112.3471467,1039.738286
disco/disco.00085.wav,0.7464599609,0.08059631366,0.004505806995,7179288.974,3498.812176,61.5234375,683.9842433
disco/disco.00086.wav,0.9301452637,0.1604973831,0.004484632704,1445763.342,2081.720745,63.02400915,980.2353432
disco/disco.00087.wav,0.8503723145,0.1164239444,0.001530950828,1657930.033,2209.953303,107.6660156,829.4150802
disco/disco.00088.wav,0.9114990234,0.1129091747,0.004373966608,1047810.204,2896.715817,123.046875,966.3922159
disco/disco.00089.wav,0.6812438965,0.09727380364,0.00161669146,1197335.959,2464.61843,129.1992188,984.7510181
disco/disco.00090.wav,0.9659729004,0.08292285677,0.004223408813,2681400.615,3220.880524,129.1992188,724.2930556
disco/disco.00091.wav,1,0.1636288023,0.01367556825,1900930.587,2020.087785,99.38401442,861.0779817
disco/disco.00092.wav,0.9945983887,0.1035990642,0.002033910931,1755026.361,2589.684341,117.4538352,936.623938
disco/disco.00093.wav,0.8996887207,0.1465610478,0.005672490916,2663237.564,3019.748407,112.3471467,1010.635363
disco/disco.00094.wav,0.738067627,0.09656070932,0.001477967869,915098.3464,2062.120864,69.83741554,646.1731369
disco/disco.00095.wav,0.8021850586,0.09368197993,0.00371217477,2955204.842,2601.217604,123.046875,1069.25305
disco/disco.00096.wav,0.9401245117,0.08856682249,0.002298761464,2566548.742,2961.148761,103.359375,1314.032451
disco/disco.00097.wav,0.7585449219,0.1016528665,0.003601330334,2139601.444,2654.983946,129.1992188,841.5126361
disco/disco.00098.wav,0.8288269043,0.1181407345,0.002657074324,2031606.918,2481.084997,123.046875,805.5005539
disco/disco.00099.wav,0.8288269043,0.1181407345,0.002657074324,2031606.918,2481.084997,123.046875,805.5005539
hiphop/hiphop.00000.wav,1,0.1169429146,0.00448712013,2547962.372,3247.513696,117.4538352,1302.778019
hiphop/hiphop.00001.wav,1,0.2790498969,0.01055475331,3894826.767,2154.820303,184.5703125,1055.503313
hiphop/hiphop.00002.wav,0.6374816895,0.0895523198,0.001852435797,1751864.409,1293.792177,99.38401442,510.5026667
hiphop/hiphop.00003.wav,1,0.2557191558,0.01909142857,1977154.52,2281.65287,92.28515625,957.9734278
hiphop/hiphop.00004.wav,1,0.1889972367,0.0199501206,4112655.59,2201.08669,95.703125,717.0091583
hiphop/hiphop.00005.wav,1,0.2561984047,0.008256400369,2008894.407,2746.783391,71.77734375,882.7017174
hiphop/hiphop.00006.wav,1,0.2579920304,0.02287032937,6474881.787,2824.616253,99.38401442,825.173052
hiphop/hiphop.00007.wav,1,0.2550195172,0.01412178494,1761300.889,1733.222853,60.09265988,684.322508
hiphop/hiphop.00008.wav,1,0.137557539,0.009063383877,6321089.71,3902.576402,172.265625,1125.262703
hiphop/hiphop.00009.wav,1,0.2041021459,0.01484436894,4418551.892,2166.453566,67.99958882,555.709015
hiphop/hiphop.00010.wav,0.9668579102,0.1601865084,0.009694353425,1731678.809,2764.516617,184.5703125,734.7332565
hiphop/hiphop.00011.wav,1,0.1933864209,0.01074828207,2293537.537,2075.154118,135.9991776,568.0012793
hiphop/hiphop.00012.wav,0.9921569824,0.1935701421,0.006284489867,846366.1287,1922.788373,184.5703125,726.4137721
hiphop/hiphop.00013.wav,0.7072753906,0.1332182287,0.001984610074,1100163.753,2129.45379,67.99958882,941.8595401
hiphop/hiphop.00014.wav,1,0.1817161925,0.005043040953,1424191.852,2948.915502,135.9991776,1105.437292
hiphop/hiphop.00015.wav,0.9976501465,0.1318867378,0.006329699544,1820241.821,2556.417875,184.5703125,759.4852526
hiphop/hiphop.00016.wav,1,0.1963019017,0.01587895801,3818446.829,2432.985288,103.359375,813.2325165
hiphop/hiphop.00017.wav,1,0.1849305305,0.007555789888,1267125.07,1771.08929,64.59960938,614.5051777
hiphop/hiphop.00018.wav,0.9885864258,0.1521003833,0.01142787926,7376010.817,3211.080583,143.5546875,733.8006569
hiphop/hiphop.00019.wav,1,0.2073163357,0.01987843249,2270474.115,2207.053321,99.38401442,833.2443914
hiphop/hiphop.00020.wav,1,0.1728786279,0.006737210414,3629969.576,2382.252262,60.09265988,1277.201206
hiphop/hiphop.00021.wav,0.9271240234,0.2357698768,0.008323019437,2752441.53,2638.250714,67.99958882,947.783367
hiphop/hiphop.00022.wav,1,0.1664416102,0.008687902288,1757830.931,1662.023283,99.38401442,608.8099321
hiphop/hiphop.00023.wav,0.9140319824,0.1874384284,0.004284433436,1085003.638,2350.585786,95.703125,843.4331322
hiphop/hiphop.00024.wav,1,0.16780911,0.01140209657,2378915.346,3059.714832,103.359375,1189.766158
hiphop/hiphop.00025.wav,1,0.2456217153,0.01032151053,2686535.994,2367.252352,60.09265988,938.7863626
hiphop/hiphop.00026.wav,0.7574157715,0.1567353965,0.008828379514,8256180.814,3805.561176,135.9991776,865.2697187
hiphop/hiphop.00027.wav,0.639251709,0.1314315617,0.00276269944,4851077.24,2260.305633,92.28515625,791.3960125
hiphop/hiphop.00028.wav,0.7425537109,0.1515939169,0.002167645465,3046185.946,2524.351402,60.09265988,964.435483
hiphop/hiphop.00029.wav,0.7594604492,0.1635304223,0.004121608879,4205361.589,2542.268942,123.046875,1142.07129
hiphop/hiphop.00030.wav,0.8208312988,0.1895680403,0.002568423634,2327297.92,3805.676988,89.10290948,854.2262308
hiphop/hiphop.00031.wav,0.810760498,0.2094311427,0.005157147742,4291267.877,3007.042597,99.38401442,1005.982645
hiphop/hiphop.00032.wav,0.7227478027,0.1267295852,0.007262763573,3124646.556,1736.354641,99.38401442,484.7480725
hiphop/hiphop.00033.wav,0.816619873,0.2087806617,0.005372164931,5100785.714,3368.429516,184.5703125,1036.50531
hiphop/hiphop.00034.wav,0.8945922852,0.2234639903,0.004662911466,2464792.979,3731.882444,64.59960938,1318.798027
hiphop/hiphop.00035.wav,0.8128051758,0.1841223084,0.01142219765,5965242.301,2278.919655,67.99958882,675.1694314
hiphop/hiphop.00036.wav,0.9654541016,0.08703556512,0.004605042911,6440517.981,2685.071254,75.99954044,1544.438432
hiphop/hiphop.00037.wav,0.997253418,0.1470701746,0.02050629228,10313928,4719.738557,71.77734375,1122.875967
hiphop/hiphop.00038.wav,0.997253418,0.2603157894,0.02416524322,1776945.07,2145.353517,184.5703125,1021.478364
hiphop/hiphop.00039.wav,0.997253418,0.1778653053,0.01147453641,7213213.344,2458.082887,184.5703125,699.6226129
hiphop/hiphop.00040.wav,0.997253418,0.1267110237,0.01180165704,7366654.788,2280.070721,161.4990234,589.7372531
hiphop/hiphop.00041.wav,0.997253418,0.1771259129,0.01500728996,3159145.959,2630.740322,92.28515625,681.550996
hiphop/hiphop.00042.wav,0.997253418,0.2424548144,0.0115849166,3705194.077,2241.477475,184.5703125,907.7895518
hiphop/hiphop.00043.wav,0.997253418,0.1302906755,0.009594077343,1211947.553,1360.820076,60.09265988,484.4343001
hiphop/hiphop.00044.wav,0.4565124512,0.03817139075,0.001157817007,5235879.637,3101.042456,172.265625,907.5934985
hiphop/hiphop.00045.wav,0.997253418,0.1778653053,0.01147453641,7213213.344,2458.082887,184.5703125,699.6226129
hiphop/hiphop.00046.wav,0.9885559082,0.2103922176,0.02573553286,2961704.016,2015.35448,64.59960938,470.7265703
hiphop/hiphop.00047.wav,0.9885559082,0.2371885636,0.01943234306,6490330.115,2408.218771,184.5703125,558.7242334
hiphop/hiphop.00048.wav,0.9874267578,0.2182516187,0.01786760841,1942835.2,1708.156338,95.703125,463.4720494
hiphop/hiphop.00049.wav,0.987487793,0.2799810875,0.01100329175,2738475.489,2395.952179,103.359375,612.763947
hiphop/hiphop.00050.wav,0.987487793,0.2654214324,0.01508867061,783387.2937,934.8276806,66.25600962,369.6706357
hiphop/hiphop.00051.wav,0.8462219238,0.2363965512,0.01127679408,4823348.711,2192.88674,112.3471467,645.0491476
hiphop/hiphop.00052.wav,0.8014526367,0.1037766141,0.002957858565,3151518.362,1814.055697,103.359375,622.3582766
hiphop/hiphop.00053.wav,0.798248291,0.1031630359,0.002631953829,3664480.868,2359.752398,107.6660156,695.6594847
hiphop/hiphop.00054.wav,0.9098510742,0.1183081588,0.003288698616,4568034.177,2781.449848,112.3471467,725.0914337
hiphop/hiphop.00055.wav,0.885559082,0.1286744584,0.0062569131,1866928.065,1596.757011,112.3471467,416.9669468
hiphop/hiphop.00056.wav,0.9071350098,0.1609918757,0.00360141912,946780.8999,1545.490655,103.359375,575.1607662
hiphop/hiphop.00057.wav,0.9183654785,0.2169763958,0.007575733208,1018844.603,1133.593145,73.828125,358.9062591
hiphop/hiphop.00058.wav,0.9919128418,0.123217538,0.006248367525,6230049.224,3000.781855,61.5234375,742.5762701
hiphop/hiphop.00059.wav,0.8432922363,0.146586574,0.004095296477,1286720.078,1388.158273,184.5703125,473.7298366
hiphop/hiphop.00060.wav,0.9585571289,0.1754944714,0.005647251074,1371460.889,1187.592819,184.5703125,407.6343094
hiphop/hiphop.00061.wav,0.906463623,0.1509189254,0.004656099328,1061981.764,1483.557696,129.1992188,545.7022745
hiphop/hiphop.00062.wav,0.9885559082,0.1776848817,0.02609393693,7146541.895,2415.418728,61.5234375,634.0800205
hiphop/hiphop.00063.wav,0.9885559082,0.1754898157,0.0212605685,5460112.334,2692.950383,92.28515625,867.8329865
hiphop/hiphop.00064.wav,0.987487793,0.2255628144,0.01898869888,2714323.107,1758.456034,112.3471467,564.6197925
hiphop/hiphop.00065.wav,0.9885559082,0.1911422876,0.02515217288,6796412.424,1950.988203,64.59960938,407.7585802
hiphop/hiphop.00066.wav,0.9885559082,0.1802588406,0.01862389808,2373474.179,1749.289422,61.5234375,578.5931911
hiphop/hiphop.00067.wav,0.9885559082,0.2082876733,0.02351304193,6359735.296,2797.516417,184.5703125,668.0556681
hiphop/hiphop.00068.wav,0.9874572754,0.2161179718,0.01765634521,2633533.327,2108.48725,184.5703125,532.4083138
hiphop/hiphop.00069.wav,0.987487793,0.2630651492,0.01159361824,4822445.758,2663.717226,103.359375,643.6278461
hiphop/hiphop.00070.wav,0.9885559082,0.2718373945,0.009469918675,2364951.153,1525.624108,64.59960938,470.6699302
hiphop/hiphop.00071.wav,0.987487793,0.2407179709,0.01131623969,6514819.087,2369.452339,184.5703125,453.110795
hiphop/hiphop.00072.wav,0.987487793,0.2440936328,0.01804285891,1347685.075,1134.726472,66.25600962,351.4364617
hiphop/hiphop.00073.wav,0.9885559082,0.2919650205,0.01898444666,5903878.772,1886.955257,184.5703125,401.0005896
hiphop/hiphop.00074.wav,0.9762573242,0.2037772934,0.01226756836,3061856.851,2440.318577,184.5703125,763.0489262
hiphop/hiphop.00075.wav,0.9885559082,0.1813542627,0.01886541751,10842491.86,3235.880433,92.28515625,758.6092077
hiphop/hiphop.00076.wav,1,0.2259775466,0.03292921387,5554037.679,2129.887121,60.09265988,574.5025402
hiphop/hiphop.00077.wav,1,0.227913506,0.01219482625,4655680.086,3034.114986,151.9990809,998.0916026
hiphop/hiphop.00078.wav,1,0.2259775466,0.03292921387,5554037.679,2129.887121,60.09265988,574.5025402
hiphop/hiphop.00079.wav,1,0.1469245469,0.007113590566,7721846.876,3796.97704,103.359375,1188.186337
hiphop/hiphop.00080.wav,0.4736328125,0.139280618,0.001246794949,5893843.898,3414.612686,184.5703125,1072.55319
hiphop/hiphop.00081.wav,0.9180297852,0.08065784245,0.0043647821,862090.7696,1141.659763,67.99958882,394.5879432
hiphop/hiphop.00082.wav,0.533416748,0.09983908392,0.002630669843,3113154.807,2497.018234,71.77734375,840.9880983
hiphop/hiphop.00083.wav,0.7860717773,0.1073171184,0.003440057124,2384484.419,2442.085233,184.5703125,974.0870715
hiphop/hiphop.00084.wav,0.4919128418,0.06068735215,0.002667812464,3152932.838,2315.852663,75.99954044,569.6899375
hiphop/hiphop.00085.wav,0.7320251465,0.1030597183,0.002613962544,3000489.095,2803.916378,73.828125,967.3806208
hiphop/hiphop.00086.wav,0.6874694824,0.0741376683,0.002561233651,2088186.502,1760.189356,64.59960938,612.1219304
hiphop/hiphop.00087.wav,0.5490112305,0.1012614904,0.004167403292,3456752.234,1934.288304,135.9991776,471.4758902
hiphop/hiphop.00088.wav,1,0.1144455376,0.002726557955,2219016.838,3303.01336,78.30255682,1161.078762
hiphop/hiphop.00089.wav,0.8233337402,0.1172020376,0.002799525648,2430812.851,2591.450997,83.35433468,1169.288751
hiphop/hiphop.00090.wav,0.6868286133,0.1059680135,0.002485189377,1560011.43,2301.486083,75.99954044,947.9456909
hiphop/hiphop.00091.wav,0.7404174805,0.1092829189,0.002845585494,2941156.91,3053.981533,67.99958882,978.4047227
hiphop/hiphop.00092.wav,0.6333618164,0.1201584305,0.002193522062,1142746.068,1599.890326,75.99954044,578.238691
hiphop/hiphop.00093.wav,0.6513061523,0.06374279434,0.002415450788,4080585.024,3351.713066,78.30255682,843.7475122
hiphop/hiphop.00094.wav,0.6240539551,0.1079657653,0.001944593274,721039.1677,1194.426111,143.5546875,677.3533255
hiphop/hiphop.00095.wav,0.9093017578,0.09930244405,0.002642547895,2336961.582,3472.579002,112.3471467,1152.0316
hiphop/hiphop.00096.wav,0.8336791992,0.1071437525,0.002182824162,692282.0277,1831.722257,71.77734375,878.9891986
hiphop/hiphop.00097.wav,0.7205505371,0.1159072389,0.002355003141,2646873.923,2556.451208,112.3471467,802.6681373
hiphop/hiphop.00098.wav,0.7206420898,0.1149668488,0.003124159511,2463218.01,2218.586585,107.6660156,819.5889251
hiphop/hiphop.00099.wav,0.8914489746,0.1440340503,0.01780153311,3051675.574,2237.719802,71.77734375,623.7616982
jazz/jazz.00000.wav,0.6819763184,0.04574488402,0.001637867063,1340165.173,1727.756219,123.046875,797.6005654
jazz/jazz.00001.wav,0.2550354004,0.02251337937,0.0002519272268,597588.0707,1306.3921,151.9990809,688.9689184
jazz/jazz.00002.wav,0.8895568848,0.08035695565,0.001073618978,479050.0231,1275.158956,184.5703125,782.8794536
jazz/jazz.00003.wav,0.5229797363,0.05903311559,0.001351708545,122179.9046,984.0607162,184.5703125,610.1685755
jazz/jazz.00004.wav,0.6478271484,0.1081039237,0.002321514779,294001.16,1052.460303,184.5703125,655.9220235
jazz/jazz.00005.wav,0.7677001953,0.1045891448,0.002865516898,538478.4333,1275.158956,107.6660156,817.9651878
jazz/jazz.00006.wav,0.7527770996,0.09725423797,0.00162529599,404633.8831,1058.893597,135.9991776,646.7141726
jazz/jazz.00007.wav,0.574005127,0.09255655384,0.002475727051,379801.1134,1428.524695,184.5703125,972.2435057
jazz/jazz.00008.wav,0.8672485352,0.116543803,0.001887152656,420512.2833,1019.727167,112.3471467,512.7658071
jazz/jazz.00009.wav,0.5576171875,0.08464661663,0.000860521253,84925.8307,698.0624456,184.5703125,455.8712213
jazz/jazz.00010.wav,0.8122558594,0.06329224538,0.001763582169,248133.8736,728.2955961,172.265625,660.9780564
jazz/jazz.00011.wav,0.643371582,0.06988699255,0.001208651085,507606.5933,1695.156416,184.5703125,904.5252881
jazz/jazz.00012.wav,0.4324645996,0.036633908,0.0003414349288,359150.8121,1403.724845,112.3471467,751.6065626
jazz/jazz.00013.wav,0.5307312012,0.05400865811,0.0004727999419,290857.6235,1345.825195,143.5546875,563.38413
jazz/jazz.00014.wav,0.4490661621,0.03878492164,0.001064156122,615016.0588,1431.291345,184.5703125,1023.798682
jazz/jazz.00015.wav,0.6193847656,0.06087213002,0.0008117149417,475348.3624,1620.856866,184.5703125,942.0973
jazz/jazz.00016.wav,0.6769714355,0.06002173977,0.001344272523,651497.4754,1539.024027,184.5703125,1094.902786
jazz/jazz.00017.wav,0.7524719238,0.04648360627,0.001265956433,1159785.645,1854.255454,107.6660156,703.0456978
jazz/jazz.00018.wav,0.6309204102,0.05112486408,0.000432122636,506500.0112,1932.954978,184.5703125,819.4497202
jazz/jazz.00019.wav,0.3520507812,0.0497382034,0.000319697944,235222.4708,1222.259276,184.5703125,741.0420417
jazz/jazz.00020.wav,0.3851928711,0.02648874978,0.0003141754717,301241.7113,726.3622745,184.5703125,621.9898467
jazz/jazz.00021.wav,0.5063476562,0.04683540667,0.0005201066167,4345931.197,3996.709166,123.046875,1142.8082
jazz/jazz.00022.wav,0.350189209,0.05013393927,0.0007742053794,355341.8659,1128.759841,184.5703125,684.1579926
jazz/jazz.00023.wav,0.7944641113,0.08635673755,0.001142905822,614713.9302,1766.589318,184.5703125,807.9230485
jazz/jazz.00024.wav,0.5646972656,0.05736310517,0.001011494842,1504563.168,2054.620909,103.359375,914.1901258
jazz/jazz.00025.wav,0.638092041,0.06765642611,0.001687075517,487787.7041,1401.624858,184.5703125,845.5619457
jazz/jazz.00026.wav,0.1834716797,0.03181997762,0.000323580337,1498682.812,1291.358858,184.5703125,689.3443966
jazz/jazz.00027.wav,0.3553466797,0.03955639374,0.0003358915951,540700.362,1381.42498,143.5546875,797.9312846
jazz/jazz.00028.wav,0.6251220703,0.04761593667,0.0007205936696,442133.6174,1650.723352,184.5703125,979.838499
jazz/jazz.00029.wav,0.4637756348,0.03534702499,0.0002440100823,757522.522,2189.753426,112.3471467,863.2337325
jazz/jazz.00030.wav,0.2139282227,0.02938927838,0.0001883168062,1447986.172,1865.288721,184.5703125,956.6758445
jazz/jazz.00031.wav,0.3233032227,0.04276596624,0.0002406729255,573473.0857,1595.157021,172.265625,868.0366266
jazz/jazz.00032.wav,0.4305114746,0.03847664136,0.0007311164532,720318.9331,1352.658487,129.1992188,578.6275793
jazz/jazz.00033.wav,0.7737731934,0.06839609568,0.002057300797,314276.8703,933.3943559,184.5703125,582.5802262
jazz/jazz.00034.wav,0.6863098145,0.1268854017,0.002410268764,1343742.952,1748.956091,184.5703125,992.2354549
jazz/jazz.00035.wav,0.6228027344,0.09054668476,0.00140823874,89366.67367,831.1616407,75.99954044,486.8084364
jazz/jazz.00036.wav,0.675201416,0.07777993019,0.001609172054,1949411.975,2192.586742,83.35433468,1291.810208
jazz/jazz.00037.wav,0.6832275391,0.1044252591,0.002540222241,311798.7092,1134.793138,95.703125,659.3909403
jazz/jazz.00038.wav,0.6545715332,0.09672005389,0.001354218213,366072.9728,1463.391151,151.9990809,722.6465401
jazz/jazz.00039.wav,0.7246704102,0.08033906534,0.00191282169,774495.0734,1685.523141,184.5703125,1010.665239
jazz/jazz.00040.wav,0.7297058105,0.1371866387,0.001546118462,379415.2292,1208.859357,184.5703125,674.6731869
jazz/jazz.00041.wav,0.645690918,0.07632164242,0.001965797058,1287256.338,2217.019927,184.5703125,1401.350462
jazz/jazz.00042.wav,0.9281616211,0.09748998781,0.004344052348,510813.3635,1348.558512,184.5703125,868.5303627
jazz/jazz.00043.wav,0.6976928711,0.1105027951,0.001717282009,542950.8381,1889.188576,78.30255682,1054.621377
jazz/jazz.00044.wav,0.7603149414,0.08540530722,0.001533534489,336564.8574,1094.226717,103.359375,872.5822582
jazz/jazz.00045.wav,0.5769042969,0.09940268682,0.001437484778,133444.2217,939.1276546,184.5703125,538.1035493
jazz/jazz.00046.wav,0.689666748,0.1059199977,0.00449158296,279946.8899,1292.525518,71.77734375,742.8744755
jazz/jazz.00047.wav,0.4241333008,0.05303154918,0.0006514541184,1160590.092,2061.487534,69.83741554,795.9517327
jazz/jazz.00048.wav,0.4210510254,0.05795238932,0.0004834973468,437158.4953,1748.189429,129.1992188,841.166859
jazz/jazz.00049.wav,0.7710876465,0.1810018756,0.009461826142,1231865.977,1427.491368,184.5703125,694.5412554
jazz/jazz.00050.wav,0.6807861328,0.1887669315,0.001449093377,676885.8027,1791.358206,151.9990809,654.5007076
jazz/jazz.00051.wav,0.7734985352,0.06839777122,0.002057250393,310987.1757,935.694342,184.5703125,582.6280101
jazz/jazz.00052.wav,0.7350158691,0.1857167643,0.005561560297,1205245.552,1702.249399,69.83741554,663.3635043
jazz/jazz.00053.wav,0.6777648926,0.1269075636,0.002412326114,1361720.345,1752.722735,184.5703125,993.8026189
jazz/jazz.00055.wav,0.6228942871,0.09054598369,0.001408175953,88962.02078,832.4282998,75.99954044,486.8202634
jazz/jazz.00056.wav,0.7431640625,0.1948547782,0.003521258084,1551892.707,2529.148474,83.35433468,728.8956768
jazz/jazz.00057.wav,0.523651123,0.07727993134,0.002418903648,704833.8448,1363.125091,184.5703125,621.392628
jazz/jazz.00058.wav,0.6756896973,0.07778285866,0.001609147801,1942326.554,2194.786728,83.35433468,1291.943924
jazz/jazz.00059.wav,0.7693481445,0.179285321,0.006008218985,457056.3534,837.8582466,151.9990809,541.9902602
jazz/jazz.00060.wav,0.686126709,0.1044405081,0.002539962799,339645.6924,1154.859683,95.703125,659.9810712
jazz/jazz.00061.wav,0.8648376465,0.2297553536,0.002416561915,821006.1582,2077.672946,172.265625,789.3719989
jazz/jazz.00062.wav,0.655670166,0.09674140618,0.001354106269,376919.8194,1488.057669,151.9990809,723.5409392
jazz/jazz.00063.wav,0.7858581543,0.1601003572,0.002306463543,701213.1418,2176.781124,123.046875,871.0032683
jazz/jazz.00064.wav,0.7661437988,0.2091594212,0.0033252746,195113.5115,1230.859224,67.99958882,602.4039099
jazz/jazz.00065.wav,0.7230529785,0.080339549,0.001912798168,777076.41,1685.623141,184.5703125,1010.700054
jazz/jazz.00066.wav,0.7145690918,0.1717324157,0.001968493251,575944.8412,1946.284266,95.703125,981.4537164
jazz/jazz.00067.wav,0.7267150879,0.1371911512,0.00154577237,389209.2519,1210.759345,184.5703125,674.7625812
jazz/jazz.00068.wav,0.9252929688,0.09749158977,0.004344161281,509769.3239,1348.991843,184.5703125,868.6214663
jazz/jazz.00069.wav,0.6872558594,0.1105453988,0.001716861811,561980.5402,1928.421672,78.30255682,1055.639872
jazz/jazz.00070.wav,0.7674255371,0.08541271636,0.001534572931,339884.2229,1102.46,103.359375,873.3333343
jazz/jazz.00071.wav,0.5774841309,0.09940335747,0.00143752412,133101.6825,938.0276612,184.5703125,538.1259079
jazz/jazz.00072.wav,0.6889648438,0.1059205368,0.004491500128,278755.6599,1294.392173,71.77734375,742.898776
jazz/jazz.00073.wav,0.7741088867,0.1301502324,0.004072803955,1456205.246,2859.082712,123.046875,1045.603211
jazz/jazz.00074.wav,0.8268432617,0.1090605874,0.005752412635,1209037.39,2105.753933,184.5703125,1079.27947
jazz/jazz.00075.wav,0.8007507324,0.1438550909,0.005036422198,1342159.594,2788.28314,184.5703125,1058.98248
jazz/jazz.00076.wav,0.8094787598,0.1172240798,0.003474137635,459480.9354,1514.024178,184.5703125,829.9015989
jazz/jazz.00077.wav,0.8033752441,0.1433103883,0.003776045556,1056973.511,2884.115893,184.5703125,1322.003212
jazz/jazz.00078.wav,0.6569519043,0.1156850849,0.005171202391,1012217.975,2112.353894,184.5703125,992.8807128
jazz/jazz.00079.wav,0.6173706055,0.06779494168,0.0006703096764,998573.0702,2377.052293,143.5546875,809.1193637
jazz/jazz.00080.wav,0.5424499512,0.07417375818,0.000603936122,997838.5757,3093.414628,135.9991776,1129.619596
jazz/jazz.00081.wav,0.4574584961,0.04177630606,0.0003661839471,3240664.652,2207.286653,75.99954044,797.9971524
jazz/jazz.00082.wav,0.4646606445,0.04657810795,0.0004852459927,7021033.395,4555.672452,184.5703125,1229.312438
jazz/jazz.00083.wav,0.4468688965,0.07287838938,0.0007683370294,2555430.686,3298.11339,184.5703125,915.6753819
jazz/jazz.00084.wav,0.4596252441,0.05068473,0.0005644495544,1888999.043,2607.550899,61.5234375,1044.872196
jazz/jazz.00085.wav,0.6066894531,0.07028886141,0.0009530148393,1469937.408,3252.280334,161.4990234,1341.612344
jazz/jazz.00086.wav,0.3870239258,0.0516822675,0.0004908300655,4702281.793,5766.731796,135.9991776,1927.237161
jazz/jazz.00087.wav,0.4431762695,0.04394103489,0.001356554298,618414.231,943.6942936,99.38401442,458.8882301
jazz/jazz.00088.wav,0.6286315918,0.08993509242,0.001804153207,747890.6574,1521.257468,129.1992188,693.5042473
jazz/jazz.00089.wav,0.3941040039,0.04449969618,0.0008630516485,1728193.491,1382.524973,184.5703125,842.6669108
jazz/jazz.00090.wav,0.4321899414,0.06085256419,0.0004816186679,231406.8492,1192.82612,135.9991776,533.5660629
jazz/jazz.00091.wav,0.3947753906,0.04052866652,0.0006703801085,8551703.248,3338.079815,184.5703125,2090.004885
jazz/jazz.00092.wav,0.4563903809,0.05292378464,0.001389435262,3155619.342,1663.356609,184.5703125,1283.792589
jazz/jazz.00093.wav,0.2935791016,0.04489578213,0.0001877688091,480455.5006,1800.722445,184.5703125,690.5326257
jazz/jazz.00094.wav,0.4355773926,0.03893026506,0.0004774189835,267936.1674,914.694469,60.09265988,489.5149057
jazz/jazz.00095.wav,0.5730285645,0.06678734023,0.000884806638,605935.3653,1396.124891,60.09265988,622.3859127
jazz/jazz.00096.wav,0.5193481445,0.04349192971,0.0005441085349,1314482.924,1712.889642,135.9991776,878.5350589
jazz/jazz.00097.wav,0.2231445312,0.02089603553,0.0001963312671,318260.4033,879.4946818,184.5703125,464.4197402
jazz/jazz.00098.wav,0.5429382324,0.05881756271,0.0006150821921,811489.9316,1280.958921,161.4990234,611.4491038
jazz/jazz.00099.wav,0.3573303223,0.03808167381,0.0005152787492,397748.7219,1017.693846,135.9991776,465.0776023
metal/metal.00000.wav,0.4953918457,0.1151687136,0.0005266420215,1663777.621,4035.575597,95.703125,1277.987337
metal/metal.00001.wav,0.504486084,0.09625418573,0.0004194155693,1245632.149,3368.846296,78.30255682,1125.990545
metal/metal.00002.wav,0.8823242188,0.1317131544,0.0009291182074,673213.995,2828.816228,112.3471467,1156.652462
metal/metal.00003.wav,0.8167419434,0.1477507425,0.001584774803,1637982.07,3674.411115,99.38401442,1519.724044
metal/metal.00004.wav,0.397277832,0.06235889478,0.000247965018,1979861.354,4240.374359,135.9991776,1470.051892
metal/metal.00005.wav,0.9711914062,0.1186347248,0.002031967931,1003185.871,2960.415432,75.99954044,868.9376533
metal/metal.00006.wav,0.3269958496,0.04984241995,0.0001657751593,2201257.871,4365.073605,60.09265988,1565.338162
metal/metal.00007.wav,0.4136657715,0.06776706185,0.0003948378769,1704213.811,3709.677568,151.9990809,1137.501983
metal/metal.00008.wav,0.3979797363,0.05725658729,0.0003356485528,3189812.325,3099.247926,117.4538352,934.6049115
metal/metal.00009.wav,0.9916687012,0.3102938963,0.002632465884,584066.3587,2086.120719,67.99958882,715.7662394
metal/metal.00010.wav,0.6000671387,0.1169430701,0.0004353968622,1349367.059,4331.973805,184.5703125,1349.651344
metal/metal.00011.wav,0.8403015137,0.2298139808,0.0006839731139,624892.5616,3778.410486,83.35433468,1388.891857
metal/metal.00012.wav,0.6261291504,0.1133891154,0.0003099505888,642283.3824,3898.40976,83.35433468,1572.879854
metal/metal.00013.wav,0.6212768555,0.08533982413,0.0003243818985,1122700.765,4486.03954,135.9991776,1727.917495
metal/metal.00014.wav,0.6589355469,0.07693048506,0.000335920132,992856.0282,4083.575307,161.4990234,1563.53206
metal/metal.00015.wav,0.5637207031,0.1094959875,0.0005081371539,1151828.98,3730.277444,172.265625,1060.529393
metal/metal.00016.wav,1,0.2672917934,0.003165495923,1130132.47,3957.242738,184.5703125,1539.254427
metal/metal.00017.wav,0.7499084473,0.1095077911,0.001361691652,1775847.078,3498.74551,107.6660156,1031.654997
metal/metal.00018.wav,0.8217773438,0.1178043001,0.0002848252074,1058852.212,3973.509306,103.359375,1768.558706
metal/metal.00019.wav,0.7493286133,0.09775014281,0.001592171716,1635223.916,3559.011812,107.6660156,1150.67833
metal/metal.00020.wav,0.8181152344,0.1136486381,0.001721304352,1544052.647,3358.313026,99.38401442,1010.206289
metal/metal.00021.wav,0.6688842773,0.1062866258,0.001281400294,1846602.588,4222.707799,107.6660156,1514.541947
metal/metal.00022.wav,1,0.1957448915,0.003844707835,734940.2451,2357.252413,135.9991776,775.0606914
metal/metal.00023.wav,1,0.1900343616,0.003309488988,1296032.824,2903.849107,143.5546875,1006.538588
metal/metal.00024.wav,1,0.2298053568,0.001608482528,1219469.424,2828.149565,112.3471467,1021.944848
metal/metal.00025.wav,0.7960510254,0.09873228831,0.0008448530822,1484261.777,2779.483193,69.83741554,918.9884773
metal/metal.00026.wav,0.673614502,0.1364205892,0.001004896623,1496094.657,4367.606923,107.6660156,1565.983763
metal/metal.00027.wav,0.8790283203,0.1623347491,0.001831536403,757815.9496,2826.749574,129.1992188,990.3733833
metal/metal.00028.wav,0.660736084,0.1431364128,0.0005431514611,1047670.903,3964.909358,69.83741554,1520.265671
metal/metal.00029.wav,0.839630127,0.08718608551,0.0007546435089,2325141.795,3599.944898,61.5234375,1196.05888
metal/metal.00030.wav,1,0.2269549823,0.00338891717,299809.622,1128.093179,66.25600962,454.0259028
metal/metal.00031.wav,1,0.2175720579,0.002859820478,1270517.776,2758.216655,135.9991776,942.3978256
metal/metal.00032.wav,0.8405456543,0.1345403934,0.001553486332,1160154.124,3264.546926,172.265625,1200.205236
metal/metal.00033.wav,1,0.2542842437,0.002559059919,1431058.999,2204.620002,123.046875,674.0883971
metal/metal.00034.wav,0.7695922852,0.08875256223,0.0009313353439,2486617.612,3544.845231,161.4990234,1234.181161
metal/metal.00035.wav,0.9962768555,0.2686342248,0.005094827712,2172591.445,3587.778305,117.4538352,1217.282543
metal/metal.00036.wav,0.7106933594,0.108684564,0.001611364758,1728402.078,3536.411949,143.5546875,1175.959647
metal/metal.00037.wav,0.5782775879,0.1110475744,0.0005484273782,1100867.792,2724.883523,135.9991776,1042.157104
metal/metal.00038.wav,0.9954223633,0.1405860706,0.008524345086,2714854.193,3268.280237,184.5703125,1045.237061
metal/metal.00039.wav,0.9280090332,0.1532025392,0.003727646976,986466.0166,1944.654908,184.5703125,557.0148806
metal/metal.00040.wav,0.7648620605,0.1027692455,0.0009552831654,1537222.853,3669.544477,143.5546875,1469.805349
metal/metal.00041.wav,0.6850891113,0.09622838255,0.0006296481421,755321.9853,3026.781697,117.4538352,1192.364343
metal/metal.00042.wav,0.6278991699,0.0924226105,0.0006193761803,723719.6653,3346.913095,129.1992188,1370.169513
metal/metal.00043.wav,0.6800537109,0.08886058312,0.00140755233,2404837.631,3906.809709,95.703125,1481.767209
metal/metal.00044.wav,0.681640625,0.09385380555,0.0008801769551,1151052.429,3773.477182,117.4538352,1339.646761
metal/metal.00045.wav,0.6547851562,0.08666763702,0.001242776523,2313197.243,3180.780766,60.09265988,1261.410805
metal/metal.00046.wav,1,0.2096025239,0.001755264465,753762.6653,3607.011522,117.4538352,1267.040535
metal/metal.00047.wav,1,0.2140944747,0.002734737655,1285366.156,3925.742928,103.359375,1387.942062
metal/metal.00048.wav,1,0.2219751053,0.002161529824,678659.3525,3890.843139,107.6660156,1497.180382
metal/metal.00049.wav,1,0.2147658048,0.001878504687,731392.4292,4274.87415,99.38401442,1524.221211
metal/metal.00050.wav,1,0.244859225,0.003373861094,804770.8628,3910.376354,112.3471467,1343.676359
metal/metal.00051.wav,1,0.2225789772,0.0029130412,1719024.233,5033.302898,107.6660156,1758.986079
metal/metal.00052.wav,1,0.2345562555,0.005315423768,1413351.764,3574.078388,161.4990234,1348.495313
metal/metal.00053.wav,1,0.2215803306,0.004639003484,1030441.627,3802.377008,123.046875,1247.867036
metal/metal.00054.wav,1,0.2033098531,0.002295788857,1305907.979,4313.807248,61.5234375,1510.290439
metal/metal.00055.wav,1,0.2292353721,0.002672946164,965124.1947,4338.107101,172.265625,1595.008855
metal/metal.00056.wav,1,0.2389459936,0.003290112455,1076112.767,3951.142775,143.5546875,1400.675873
metal/metal.00057.wav,1,0.2035294696,0.002977913001,1277078.569,3167.247515,129.1992188,1285.670467
metal/metal.00058.wav,0.9219665527,0.1823430952,0.001827391064,937672.9178,3147.314302,71.77734375,1147.885328
metal/metal.00059.wav,0.8937683105,0.181088103,0.001365889269,758311.1347,3302.280032,135.9991776,1226.596471
metal/metal.00060.wav,0.7744140625,0.124136051,0.001045797412,1001587.828,3073.881413,184.5703125,1027.317975
metal/metal.00061.wav,0.7648620605,0.1027692455,0.0009552831654,1537222.853,3669.544477,143.5546875,1469.805349
metal/metal.00062.wav,0.6850891113,0.09622838255,0.0006296481421,755321.9853,3026.781697,117.4538352,1192.364343
metal/metal.00063.wav,0.6278991699,0.0924226105,0.0006193761803,723719.6653,3346.913095,129.1992188,1370.169513
metal/metal.00064.wav,0.6800537109,0.08886058312,0.00140755233,2404837.631,3906.809709,95.703125,1481.767209
metal/metal.00065.wav,0.681640625,0.09385380555,0.0008801769551,1151052.429,3773.477182,117.4538352,1339.646761
metal/metal.00066.wav,0.6547851562,0.08666763702,0.001242776523,2313197.243,3180.780766,60.09265988,1261.410805
metal/metal.00067.wav,0.7244873047,0.1328449269,0.002354840475,1004473.065,2648.050654,66.25600962,910.5421265
metal/metal.00068.wav,0.6516113281,0.09630281081,0.001430873489,1158794.164,2881.182578,161.4990234,1148.241032
metal/metal.00069.wav,0.8044433594,0.1717689207,0.001265783504,486625.8249,1184.62617,161.4990234,483.0263491
metal/metal.00070.wav,0.3978881836,0.04645827589,0.0009827373098,2650521.566,3148.947625,117.4538352,698.2044394
metal/metal.00071.wav,0.783203125,0.1123812793,0.002606777824,2136163.908,3389.446171,172.265625,1077.152436
metal/metal.00072.wav,0.7871398926,0.1928232116,0.001375545454,1060316.675,2573.651104,60.09265988,862.0542444
metal/metal.00073.wav,1,0.2902925428,0.004124615707,1241333.756,2673.783832,143.5546875,851.6920579
metal/metal.00074.wav,0.2920532227,0.04029608428,0.0001240359053,2255057.786,2976.115337,123.046875,945.9534917
metal/metal.00075.wav,1,0.2415367342,0.008179384284,1043453.314,1958.721489,75.99954044,690.8732858
metal/metal.00076.wav,0.8198242188,0.09374517845,0.002064689376,2142204.648,3581.511676,69.83741554,1145.159885
metal/metal.00077.wav,0.8581542969,0.1469182105,0.001285616107,1031413.859,3524.545354,75.99954044,1215.03238
metal/metal.00078.wav,1,0.2651231673,0.004157127804,1690488.163,2904.549103,99.38401442,943.5945124
metal/metal.00079.wav,0.8949584961,0.1239741166,0.00263447048,1526037.713,3171.580822,61.5234375,1050.933472
metal/metal.00080.wav,0.9573974609,0.1346463022,0.004485363555,2233150.131,3176.114128,80.74951172,934.2824513
metal/metal.00081.wav,0.9981689453,0.1889170935,0.001687617017,522813.775,2688.383744,151.9990809,1072.80028
metal/metal.00082.wav,0.8938293457,0.1280164676,0.0024309317,830502.8094,3113.98117,123.046875,1016.798421
metal/metal.00083.wav,1,0.2060328063,0.002176733585,1296368.055,2708.650288,117.4538352,858.5636265
metal/metal.00084.wav,1,0.2255342237,0.00617850088,1338655.005,3053.214871,151.9990809,1180.209562
metal/metal.00085.wav,1,0.1487490537,0.003129147803,1072240.388,3477.378973,103.359375,1143.692932
metal/metal.00086.wav,0.6390991211,0.08712457775,0.000548973867,1455316.924,3505.578802,123.046875,1294.037015
metal/metal.00087.wav,1,0.2644846041,0.002673860884,1558034.029,4116.241776,95.703125,1348.959342
metal/metal.00088.wav,0.8387756348,0.1260769636,0.00523912817,1412607.302,2036.954349,117.4538352,688.200755
metal/metal.00089.wav,0.9888916016,0.2630953456,0.005781432418,431843.5063,1025.593798,161.4990234,393.1481501
metal/metal.00090.wav,0.7126159668,0.1454710959,0.0007161748232,1098536.226,1865.855384,172.265625,732.7083286
metal/metal.00091.wav,0.8591308594,0.1148692011,0.001318285405,1301881.206,2645.45067,92.28515625,1099.545678
metal/metal.00092.wav,0.9866027832,0.1637068393,0.002292411945,747228.8521,2056.454232,172.265625,675.4839647
metal/metal.00093.wav,0.6221008301,0.08941710331,0.0009000529828,1404636.874,3121.147794,86.1328125,845.4127243
metal/metal.00094.wav,0.7695922852,0.08875256223,0.0009313353439,2486617.612,3544.845231,161.4990234,1234.181161
metal/metal.00095.wav,1,0.1792277702,0.006067848818,1619995.239,2669.117194,151.9990809,961.1802135
metal/metal.00096.wav,1,0.1820204915,0.00546586774,2467853.061,2824.916251,172.265625,891.4060621
metal/metal.00097.wav,1,0.1821033802,0.004180774658,1208385.718,1900.288509,83.35433468,717.8572267
metal/metal.00098.wav,1,0.1330064107,0.006123342773,2145719.624,2549.851248,78.30255682,876.1342718
metal/metal.00099.wav,1,0.1634729488,0.006006988683,2075374.709,2378.752283,143.5546875,934.1395687
pop/pop.00000.wav,1,0.1803498324,0.009553147486,5838729.552,2792.716446,66.25600962,686.5352781
pop/pop.00001.wav,1,0.2528071943,0.01986629226,6714060.7,3292.446758,107.6660156,830.7193046
pop/pop.00002.wav,1,0.2076623836,0.009780201279,3983749.94,2620.550821,129.1992188,618.1914051
pop/pop.00003.wav,0.8510437012,0.1269961894,0.002432494424,1444982.44,1880.588628,92.28515625,802.9798263
pop/pop.00004.wav,0.9891967773,0.2090539087,0.003470918238,3116648.397,2726.516846,107.6660156,964.3031872
pop/pop.00005.wav,0.925567627,0.1379585131,0.006455334952,1619699.704,2352.419109,172.265625,1088.288242
pop/pop.00006.wav,0.8104248047,0.09275024885,0.001694069652,1688369.433,1492.357643,184.5703125,517.7948379
pop/pop.00007.wav,0.7915039062,0.08317012372,0.002582982107,1430443.705,1813.989031,184.5703125,936.0979489
pop/pop.00008.wav,0.9349060059,0.1934679564,0.002708053363,4558123.99,2672.750505,172.265625,974.0906698
pop/pop.00009.wav,0.9563598633,0.1551691454,0.004733642509,3038158.852,3807.076979,69.83741554,1149.420844
pop/pop.00010.wav,0.9816894531,0.1811915532,0.004233469946,1478782.875,1458.557847,71.77734375,633.5514076
pop/pop.00011.wav,0.5758666992,0.05526877798,0.001298006149,1683559.847,1919.488393,184.5703125,939.9949763
pop/pop.00012.wav,0.9658203125,0.1618752967,0.003418854876,2062067.791,2774.249891,172.265625,1138.855104
pop/pop.00013.wav,0.9999694824,0.1701117725,0.003759393841,1211303.595,1138.459783,143.5546875,459.2198286
pop/pop.00014.wav,0.4112854004,0.0767757774,0.0004740467719,868809.8173,1939.921603,117.4538352,766.5108044
pop/pop.00015.wav,1,0.1893523131,0.008865374912,4631710.865,3122.381119,103.359375,1017.905496
pop/pop.00016.wav,1,0.140694343,0.01214398769,4771652.337,3379.979562,107.6660156,967.9379987
pop/pop.00017.wav,0.7169799805,0.1422589684,0.00132515058,1566695.376,2781.283182,73.828125,995.277908
pop/pop.00018.wav,1,0.2033409337,0.005486963316,3890140.868,2813.682986,123.046875,883.2680039
pop/pop.00019.wav,1,0.2061740465,0.007839999746,7028902.029,3437.945878,92.28515625,1016.559472
pop/pop.00020.wav,1,0.2428108682,0.01005813289,4419388.441,3959.07606,107.6660156,1373.920753
pop/pop.00021.wav,1,0.1856543936,0.01347475778,5182456.591,4119.508423,99.38401442,1211.085137
pop/pop.00022.wav,1,0.1892204173,0.008914872387,4630723.84,3120.814462,103.359375,1017.882003
pop/pop.00023.wav,1,0.2015076938,0.01108646709,7713756.653,3913.943,103.359375,1158.795493
pop/pop.00024.wav,1,0.199806239,0.01203835821,4672172.327,3183.647416,117.4538352,991.7905576
pop/pop.00025.wav,1,0.1846100601,0.008424140892,5155742.753,2328.952584,151.9990809,602.0736842
pop/pop.00026.wav,1,0.1914579542,0.009512278445,2634350.473,2281.352872,151.9990809,945.121717
pop/pop.00027.wav,0.9504394531,0.153250838,0.004216342262,2155152.221,2244.919759,83.35433468,813.9477955
pop/pop.00028.wav,1,0.1894969553,0.006830558724,2632159.842,2671.283847,66.25600962,849.4632508
pop/pop.00029.wav,1,0.2279756519,0.009183984203,2253826.746,2458.351801,161.4990234,839.1288981
pop/pop.00030.wav,1,0.1992649167,0.007934291942,3118784.419,3277.346849,184.5703125,1159.521509
pop/pop.00031.wav,1,0.1945733897,0.007585542452,3218913.978,3369.579625,184.5703125,1181.659538
pop/pop.00032.wav,0.7099914551,0.09460031591,0.002784638237,12515757.34,5039.802858,95.703125,1431.839695
pop/pop.00033.wav,0.8667907715,0.1379525222,0.003067761087,1748869.057,3019.415075,66.25600962,1029.69806
pop/pop.00034.wav,1,0.1828983313,0.006441642432,4813189.306,2887.38254,64.59960938,854.7116788
pop/pop.00035.wav,1,0.2778984666,0.01223832094,3000334.5,3511.345434,107.6660156,1284.485621
pop/pop.00036.wav,1,0.250538906,0.01026983425,5370715.812,2536.117998,64.59960938,777.2226812
pop/pop.00037.wav,1,0.2348230419,0.01097911858,2761056.505,3633.344696,103.359375,1346.309597
pop/pop.00038.wav,1,0.2153973295,0.008985715763,3911933.822,3228.947142,92.28515625,1134.226218
pop/pop.00039.wav,1,0.2753675454,0.01321469439,6869245.983,4124.37506,83.35433468,1406.797634
pop/pop.00040.wav,0.9872436523,0.1976063887,0.006332239152,871674.3326,2112.020562,129.1992188,1030.107953
pop/pop.00041.wav,0.681427002,0.08225215775,0.00142568904,1960038.331,1660.656625,71.77734375,836.7382142
pop/pop.00042.wav,1,0.216538353,0.01030311626,4020197.642,3168.280842,61.5234375,969.992064
pop/pop.00043.wav,0.9754638672,0.2488836193,0.007732793499,3681403.979,2276.352902,135.9991776,770.1945542
pop/pop.00044.wav,0.9999694824,0.2138229587,0.01258267608,3704530.412,2990.048586,60.09265988,861.8863515
pop/pop.00045.wav,0.9975585938,0.1957212093,0.008153398788,4751910.229,2754.65001,172.265625,779.9622051
pop/pop.00046.wav,1,0.1967603661,0.008237504705,4622438.386,2692.983716,172.265625,769.2068286
pop/pop.00047.wav,1,0.2088575036,0.0112692916,3345249.654,2808.716349,73.828125,876.9028107
pop/pop.00048.wav,1,0.1504579284,0.00607742411,6204535.706,4641.238602,129.1992188,1289.780247
pop/pop.00049.wav,0.9723815918,0.1449505702,0.00451416285,2286950.893,1457.324521,60.09265988,708.975311
pop/pop.00050.wav,0.9801635742,0.2021821844,0.009162814081,5479559.216,2614.517524,92.28515625,765.5820859
pop/pop.00051.wav,1,0.2085561481,0.006245020816,7907531.293,5073.435988,73.828125,1571.790956
pop/pop.00052.wav,1,0.3019024274,0.0326923859,8217269.236,3439.845866,135.9991776,942.9867963
pop/pop.00053.wav,1,0.1699279699,0.01007197711,5546351.3,2356.619083,184.5703125,1052.162793
pop/pop.00054.wav,1,0.2642678267,0.02023772508,6057862.474,2998.015205,95.703125,1050.946778
pop/pop.00055.wav,1,0.2236414015,0.0250203227,11665174.83,3692.411006,83.35433468,884.1514576
pop/pop.00056.wav,1,0.238812837,0.02066376448,11023598.58,3207.380605,184.5703125,808.8093082
pop/pop.00057.wav,1,0.3092066973,0.03456037403,7906072.381,3396.446129,143.5546875,935.5302067
pop/pop.00058.wav,0.9611816406,0.1603997271,0.008682234547,7865711.108,3211.880578,78.30255682,965.9534002
pop/pop.00059.wav,1,0.2403897912,0.02094323695,10650193.47,3189.814045,184.5703125,834.3683117
pop/pop.00060.wav,1,0.2642678267,0.02023772508,6057862.474,2998.015205,95.703125,1050.946778
pop/pop.00061.wav,1,0.212459419,0.01133172706,5569189.202,2470.218396,64.59960938,776.1207761
pop/pop.00062.wav,1,0.3908187192,0.0128234701,1112761.986,2163.753583,107.6660156,888.1402733
pop/pop.00063.wav,0.9844970703,0.1233866421,0.001961628836,507043.459,1644.656722,123.046875,765.7092426
pop/pop.00064.wav,1,0.1630727063,0.01434050575,7968792.632,4537.97256,135.9991776,1398.726424
pop/pop.00065.wav,1,0.1280548527,0.007509750109,2342215.887,2207.986649,117.4538352,855.3108971
pop/pop.00066.wav,1,0.2396472173,0.008487402723,2248844.887,2198.853371,161.4990234,735.1764598
pop/pop.00067.wav,0.9035339355,0.1844360403,0.01047411232,8483504.531,4208.374553,112.3471467,1058.532123
pop/pop.00068.wav,1,0.2334311535,0.01946606063,7180184.431,3418.979326,172.265625,858.1498279
pop/pop.00069.wav,0.9999694824,0.2077909868,0.007823101041,1685099.277,2103.687279,69.83741554,712.6624609
pop/pop.00070.wav,1,0.1604683971,0.01494019961,4456234.208,3006.215155,83.35433468,813.9387869
pop/pop.00071.wav,0.9035339355,0.1844360403,0.01047411232,8483504.531,4208.374553,112.3471467,1058.532123
pop/pop.00072.wav,1,0.2302909405,0.006821558133,1578783.182,2899.982464,117.4538352,1043.546655
pop/pop.00073.wav,1,0.2544598772,0.01204499626,5057522.231,3565.578439,129.1992188,1192.937283
pop/pop.00074.wav,1,0.1996074943,0.02550661739,7609226.352,2884.882556,83.35433468,545.3180719
pop/pop.00075.wav,1,0.1774809806,0.01152363158,6454827.905,3507.67879,95.703125,975.8559589
pop/pop.00076.wav,1,0.2369321456,0.01243587703,5037679.861,3144.94765,151.9990809,935.3285166
pop/pop.00077.wav,1,0.2161015338,0.02295135596,10210338.59,4715.604819,112.3471467,1172.21916
pop/pop.00078.wav,1,0.2143266909,0.01708045416,6046152.053,3145.180982,103.359375,1022.930401
pop/pop.00079.wav,0.3036804199,0.03611696908,0.0005052527154,3357033.605,1598.923665,112.3471467,470.1599751
pop/pop.00080.wav,1,0.2089202561,0.01117099556,3380980.981,2811.882997,73.828125,876.4329663
pop/pop.00081.wav,0.6820983887,0.09085275771,0.001467981077,1269094.709,1895.021874,73.828125,696.2582878
pop/pop.00082.wav,1,0.2011462006,0.01008509608,2499180.011,2211.919958,63.02400915,527.7144623
pop/pop.00083.wav,0.8701171875,0.1412139229,0.002493752064,1139031.465,1857.655434,61.5234375,626.4677543
pop/pop.00084.wav,0.9986877441,0.1737940608,0.01141098372,9485438.729,2995.881884,66.25600962,699.4182921
pop/pop.00085.wav,0.9006958008,0.1891875226,0.006902022169,3902712.254,2689.750402,60.09265988,914.5560597
pop/pop.00086.wav,0.9999694824,0.1280409013,0.002667834745,4031466.021,4081.408654,66.25600962,1300.124747
pop/pop.00087.wav,1,0.1882688929,0.00321389546,5481240.221,3228.547144,135.9991776,959.2854726
pop/pop.00088.wav,1,0.2244848651,0.02173733499,7854099.339,3789.910416,99.38401442,1164.010381
pop/pop.00089.wav,1,0.20966818,0.01632060679,6593789.94,3650.611259,99.38401442,1103.79515
pop/pop.00090.wav,1,0.1913708356,0.003308079672,5449361.803,3251.713671,135.9991776,972.4058601
pop/pop.00091.wav,1,0.2568789147,0.01302925349,6384134.152,3674.511114,117.4538352,1038.689451
pop/pop.00092.wav,1,0.2205761978,0.01126227428,4156746.214,3201.913972,107.6660156,941.913996
pop/pop.00093.wav,1,0.2377999843,0.01139743763,2548622.816,2901.74912,135.9991776,769.3494318
pop/pop.00094.wav,1,0.1959434234,0.008118827412,2426524.508,2833.249534,151.9990809,1026.250155
pop/pop.00095.wav,1,0.2969376014,0.01388565757,3122869.356,2345.752482,69.83741554,615.4823551
pop/pop.00096.wav,1,0.2473119298,0.006865443586,3337921.031,2321.152631,184.5703125,845.1135534
pop/pop.00097.wav,1,0.1968266138,0.02263893799,12194178.73,3023.315052,60.09265988,709.8936843
pop/pop.00098.wav,1,0.2058304284,0.00869120192,4994343.666,4033.375611,75.99954044,1404.010394
pop/pop.00099.wav,0.8444824219,0.1354563359,0.003278338417,2355043.696,2115.853872,78.30255682,699.3668406
reggae/reggae.00000.wav,0.634185791,0.09097988936,0.002361662161,1014155.686,2155.120302,61.5234375,919.6404805
reggae/reggae.00001.wav,0.9763793945,0.07925130841,0.002063211893,845444.5698,1409.958141,78.30255682,487.3108094
reggae/reggae.00002.wav,0.9005126953,0.08637467115,0.002929744115,1356714.526,1655.723321,103.359375,603.1457311
reggae/reggae.00003.wav,0.8293457031,0.09026785505,0.002883783575,2637704.761,1871.55535,151.9990809,690.9185541
reggae/reggae.00004.wav,0.7907409668,0.0954087746,0.003853538803,1796262.125,1861.188746,123.046875,796.8016355
reggae/reggae.00005.wav,0.9004821777,0.09723803275,0.003122623829,1233809.811,1609.690266,161.4990234,792.0314438
reggae/reggae.00006.wav,0.7047424316,0.1022477585,0.003179509654,1586897.271,1340.258562,75.99954044,428.3520192
reggae/reggae.00007.wav,0.8661193848,0.08693583951,0.002179081756,1581798.758,1628.623485,75.99954044,727.6703936
reggae/reggae.00008.wav,0.7320251465,0.09843756797,0.003007458823,1484833.861,1530.32408,184.5703125,578.0786838
reggae/reggae.00009.wav,0.8899536133,0.08243165949,0.002592742068,2441485.682,1334.658596,99.38401442,572.7828962
reggae/reggae.00010.wav,0.6780700684,0.06039837819,0.001918899474,2945322.216,2264.986304,117.4538352,973.4983932
reggae/reggae.00011.wav,0.7697753906,0.07378541122,0.002527170821,1150711.607,1548.690635,123.046875,768.5407904
reggae/reggae.00012.wav,0.6586914062,0.07084364896,0.002507662955,5298313.723,2507.251506,129.1992188,674.7009168
reggae/reggae.00013.wav,0.8215332031,0.1051200782,0.004027224341,2764553.769,1554.357268,123.046875,635.5006457
reggae/reggae.00014.wav,0.9108581543,0.1091705057,0.005138028432,2298411.03,1412.524792,129.1992188,583.409338
reggae/reggae.00015.wav,0.8743286133,0.1250532277,0.004751092707,1421710.161,1502.290916,63.02400915,513.6055298
reggae/reggae.00016.wav,0.998260498,0.182327053,0.003596772783,879769.0492,1746.38944,143.5546875,874.7168915
reggae/reggae.00017.wav,0.9811706543,0.1352803382,0.004829239876,2292730.213,1717.489615,129.1992188,762.6913844
reggae/reggae.00018.wav,0.9584350586,0.1022718994,0.003557197693,2293111.552,1706.05635,161.4990234,593.2013919
reggae/reggae.00019.wav,0.9366760254,0.1327593536,0.006274469358,2681364.642,1570.890501,103.359375,575.9660058
reggae/reggae.00020.wav,0.9781494141,0.1346046978,0.004116232345,1511642.91,1250.259107,129.1992188,566.6877879
reggae/reggae.00021.wav,0.9295654297,0.1508088514,0.005247499621,1062420.067,2046.120961,151.9990809,709.2181736
reggae/reggae.00022.wav,0.9878540039,0.1787006896,0.003439801162,973543.1095,1593.090367,151.9990809,799.8853495
reggae/reggae.00023.wav,0.7683105469,0.1035229541,0.00367057234,4883041.386,2649.38398,129.1992188,772.1534505
reggae/reggae.00024.wav,0.9786682129,0.1180275255,0.00418596603,1742017.158,1589.157057,135.9991776,664.0529992
reggae/reggae.00025.wav,0.9964294434,0.1217172796,0.004250987988,1868055.813,1624.723509,117.4538352,768.0709101
reggae/reggae.00026.wav,0.9794921875,0.1292524736,0.004852889082,1488225.917,1643.25673,135.9991776,713.3478029
reggae/reggae.00027.wav,0.9994506836,0.1167272439,0.007857867787,3934525.737,1924.855027,135.9991776,511.007579
reggae/reggae.00028.wav,0.7017211914,0.06694447206,0.002589411068,2590618.229,1493.8243,161.4990234,379.8207328
reggae/reggae.00029.wav,0.8309631348,0.09673271874,0.00326501531,532588.6746,962.1941817,151.9990809,377.1087852
reggae/reggae.00030.wav,0.8829345703,0.0729177433,0.002529488917,3211983.071,1553.657272,75.99954044,395.0036292
reggae/reggae.00031.wav,0.8205871582,0.08275150678,0.003501046504,1230166.785,1292.65885,107.6660156,453.2333748
reggae/reggae.00032.wav,0.8869628906,0.05720556791,0.002406185633,1104220.975,1451.324557,151.9990809,351.5194959
reggae/reggae.00033.wav,0.6958312988,0.06868228504,0.002128127484,2364656.126,1302.492124,89.10290948,374.4694007
reggae/reggae.00034.wav,0.7888183594,0.0756707051,0.002938608299,785797.5134,982.5607253,95.703125,351.7695928
reggae/reggae.00035.wav,0.8355712891,0.06653615749,0.00282783869,1316171.794,1350.725166,80.74951172,439.5975271
reggae/reggae.00036.wav,0.8746643066,0.07357535473,0.004161619199,1612706.972,1304.992109,86.1328125,379.2635433
reggae/reggae.00037.wav,0.800567627,0.07642152601,0.004409597334,1804101.377,1394.458235,151.9990809,375.3117307
reggae/reggae.00038.wav,0.9266052246,0.07116141832,0.002099350871,1991635.526,1444.424599,135.9991776,494.388598
reggae/reggae.00039.wav,0.8262634277,0.09564715566,0.005375708739,415766.4563,571.5965436,151.9990809,327.1800878
reggae/reggae.00040.wav,0.485168457,0.03788446372,0.0009896741555,4311474.938,2226.986534,184.5703125,971.8505258
reggae/reggae.00041.wav,0.9516601562,0.1167127908,0.001748174123,1213662.629,1300.392137,73.828125,673.7190578
reggae/reggae.00042.wav,0.6816101074,0.0689353277,0.001808548419,2517342.849,2327.919257,123.046875,1023.859912
reggae/reggae.00043.wav,0.7993164062,0.1078985123,0.00239121651,838862.9039,1675.856533,151.9990809,938.5959091
reggae/reggae.00044.wav,0.950592041,0.1446652825,0.005701749907,2255266.45,1931.321655,89.10290948,565.5430978
reggae/reggae.00045.wav,0.7998046875,0.08762228988,0.001966688616,6646106.178,4931.936844,161.4990234,2145.332375
reggae/reggae.00046.wav,0.4916687012,0.09184128648,0.001428644332,1996690.514,1785.289205,112.3471467,519.2194664
reggae/reggae.00047.wav,0.8039550781,0.1057409945,0.00289823896,3389558.095,2534.01801,73.828125,1259.107817
reggae/reggae.00048.wav,0.8346252441,0.1174004412,0.00221965486,3653287.36,2450.051852,89.10290948,956.2166908
reggae/reggae.00049.wav,0.7100830078,0.12976694,0.003067242585,1561408.837,1778.85591,64.59960938,518.0128509
reggae/reggae.00050.wav,0.951171875,0.1254801279,0.005464692955,7099565.242,2800.249734,184.5703125,1267.533885
reggae/reggae.00051.wav,0.7736206055,0.107303837,0.005568976587,19131656.72,6051.563407,129.1992188,1233.396771
reggae/reggae.00052.wav,0.9548034668,0.1828251581,0.01106528909,6899080.132,2955.682127,99.38401442,667.1127633
reggae/reggae.00053.wav,0.5476074219,0.05826716191,0.002427161129,5318416.946,1978.488036,151.9990809,592.7653962
reggae/reggae.00054.wav,0.8694152832,0.09276959424,0.002965670245,4638439.126,2239.119794,151.9990809,740.7987724
reggae/reggae.00055.wav,0.8173522949,0.1106185324,0.001182799483,2255781.994,1811.42238,129.1992188,648.7130588
reggae/reggae.00056.wav,0.8406066895,0.09750231214,0.003073294588,2400224.772,1832.588919,161.4990234,810.3938296
reggae/reggae.00057.wav,0.7129516602,0.0998922092,0.00300730225,2491284.72,1737.522827,184.5703125,590.4797339
reggae/reggae.00058.wav,0.6328735352,0.08703803484,0.002295582405,5805012.356,2468.118409,61.5234375,945.7061716
reggae/reggae.00059.wav,0.9616699219,0.1231062074,0.002803241272,2886596.196,2586.884357,151.9990809,992.0706441
reggae/reggae.00060.wav,0.2266540527,0.02527323674,0.0003705116191,3625131.531,2612.084205,117.4538352,1049.919443
reggae/reggae.00061.wav,0.8579711914,0.1750260303,0.005083296586,5148519.197,2944.448862,123.046875,872.4008326
reggae/reggae.00062.wav,0.4752807617,0.05471567397,0.001232536802,2548498.96,1341.091891,75.99954044,535.1578461
reggae/reggae.00063.wav,0.7258605957,0.09399638598,0.002913006807,1616634.267,1836.988892,184.5703125,837.0272301
reggae/reggae.00064.wav,1,0.2624575645,0.01017391025,5621862.361,2222.953225,71.77734375,652.7939596
reggae/reggae.00065.wav,1,0.2867964259,0.02127159937,2179214.315,1826.155624,89.10290948,824.3099265
reggae/reggae.00066.wav,0.823638916,0.1242198651,0.00390716597,992393.5182,1478.92439,78.30255682,659.1762595
reggae/reggae.00067.wav,0.9324645996,0.1365857338,0.002952958481,738383.4079,1332.658608,172.265625,595.8753197
reggae/reggae.00068.wav,0.8284301758,0.09229667012,0.002363942517,2682317.368,1717.156283,184.5703125,868.7298936
reggae/reggae.00069.wav,0.9999694824,0.1223707971,0.002348819018,2412818.18,1771.589287,73.828125,860.328411
reggae/reggae.00070.wav,0.8276977539,0.1448242634,0.003049481671,963257.4573,1344.191872,117.4538352,544.1567605
reggae/reggae.00071.wav,1,0.1446001296,0.006749525406,7586971.866,2681.017122,69.83741554,1114.398616
reggae/reggae.00072.wav,0.9965820312,0.1360664067,0.006677934641,5427224.049,3003.915169,172.265625,971.2806248
reggae/reggae.00073.wav,0.9835205078,0.1891205045,0.002507859864,755428.894,1124.959864,172.265625,549.6712816
reggae/reggae.00074.wav,0.9835205078,0.1890626302,0.002528569958,749021.3448,1123.626539,172.265625,549.7274986
reggae/reggae.00075.wav,0.9999694824,0.1673078229,0.007882883196,1992381.327,2975.982005,143.5546875,1289.297109
reggae/reggae.00076.wav,1,0.2039787041,0.009487461712,3983655.698,1946.121565,161.4990234,961.3755795
reggae/reggae.00077.wav,0.7248535156,0.1130043143,0.002339124144,864238.8137,1342.225217,151.9990809,521.6745821
reggae/reggae.00078.wav,0.6156616211,0.09094911322,0.001615320237,2223223.818,2066.02084,78.30255682,955.6854173
reggae/reggae.00079.wav,0.972869873,0.075880184,0.003389396088,8173145.818,4108.308491,151.9990809,1858.650284
reggae/reggae.00080.wav,0.883972168,0.1845005042,0.01489053318,3340090.942,2078.68743,66.25600962,854.7211044
reggae/reggae.00081.wav,0.9900817871,0.1680005813,0.01392868414,3767893.911,2190.353422,66.25600962,872.2896221
reggae/reggae.00082.wav,0.9900817871,0.1680005813,0.01392868414,3767893.911,2190.353422,66.25600962,872.2896221
reggae/reggae.00083.wav,0.5075073242,0.05625182704,0.001136418339,1466907.187,1569.757175,184.5703125,1139.181134
reggae/reggae.00084.wav,0.8401489258,0.1102466267,0.002198954769,1130171.091,1674.423208,66.25600962,675.4405899
reggae/reggae.00085.wav,0.7440795898,0.1153627828,0.004562872831,2261300.043,2190.053424,172.265625,1170.092131
reggae/reggae.00086.wav,0.9999389648,0.305609956,0.04426341372,13751579.07,5735.198653,129.1992188,3604.405435
reggae/reggae.00087.wav,1,0.199797657,0.01617920687,8590397.314,2685.117097,112.3471467,844.024139
reggae/reggae.00088.wav,0.8652954102,0.1150004092,0.00293413946,4995348.147,4169.841452,107.6660156,1127.849665
reggae/reggae.00089.wav,0.8807983398,0.1468235922,0.005340582494,648394.5629,838.3282641,151.9990809,510.146692
reggae/reggae.00090.wav,1,0.1356310159,0.01069811982,6925592.039,2880.24925,151.9990809,835.7668502
reggae/reggae.00091.wav,0.5046081543,0.06713447842,0.001171060331,1570285.608,2729.416829,143.5546875,1185.99934
reggae/reggae.00092.wav,0.6420593262,0.08989308719,0.002130310717,1497632.817,2644.850674,143.5546875,1174.301922
reggae/reggae.00093.wav,0.9177856445,0.1044889198,0.002323612772,1456051.025,1967.621435,89.10290948,878.8684108
reggae/reggae.00094.wav,0.8814697266,0.132703091,0.001858976835,1773865.724,2107.553923,129.1992188,902.6296452
reggae/reggae.00095.wav,0.9534301758,0.1558915726,0.006180957441,1953755.536,2273.852917,123.046875,755.4881259
reggae/reggae.00096.wav,0.6960754395,0.1571601574,0.00670435103,2496016.386,1756.222714,89.10290948,718.4397327
reggae/reggae.00097.wav,0.7095336914,0.1090694271,0.002975003597,1138378.504,2071.387475,161.4990234,853.032906
reggae/reggae.00098.wav,0.6845397949,0.1352776548,0.003268345907,1252264.251,1429.591355,123.046875,749.9242087
reggae/reggae.00099.wav,0.8194274902,0.177792777,0.002338737964,3695299.429,3077.214726,60.09265988,1479.127977
rock/rock.00000.wav,0.9743652344,0.1270781535,0.005713761424,982447.7274,1988.254644,78.30255682,736.3091836
rock/rock.00001.wav,1,0.178289106,0.005707126755,516149.1034,1211.226009,151.9990809,487.715881
rock/rock.00002.wav,1,0.1413101718,0.00868351324,1402534.305,1692.85643,107.6660156,802.4539631
rock/rock.00003.wav,1,0.1473814571,0.005152482528,679481.9992,949.8275899,184.5703125,500.2426198
rock/rock.00004.wav,0.8939819336,0.2065072798,0.002748977526,822400.5819,905.1611933,75.99954044,377.6158097
rock/rock.00005.wav,1,0.2021652966,0.00376479254,228081.7605,1697.22307,184.5703125,789.7443584
rock/rock.00006.wav,0.9163208008,0.1782063817,0.004267624021,825932.9758,1922.988372,60.09265988,860.635196
rock/rock.00007.wav,1,0.1546375878,0.004404109674,662568.4615,1039.693713,89.10290948,457.0462557
rock/rock.00008.wav,1,0.2597160325,0.00154372865,230486.7992,1872.055347,172.265625,843.1148437
rock/rock.00009.wav,1,0.1256877681,0.004445747023,276090.7721,937.1276667,73.828125,526.8104979
rock/rock.00010.wav,1,0.1479131104,0.00437753928,1214393.767,1580.123779,83.35433468,524.2445094
rock/rock.00011.wav,0.8793640137,0.1212626641,0.001470565743,1145016.926,1197.059428,117.4538352,469.7851297
rock/rock.00012.wav,0.7945251465,0.07184814281,0.001906927062,2405649.266,1503.757574,112.3471467,549.2059199
rock/rock.00013.wav,0.8860778809,0.1299145559,0.002962696518,1117437.077,1016.060523,60.09265988,415.2187447
rock/rock.00014.wav,0.8592529297,0.05137473404,0.001354467027,3823871.253,1841.522198,117.4538352,621.5853656
rock/rock.00015.wav,0.9559631348,0.0785562215,0.003705491842,4305926.657,2515.951453,60.09265988,908.5516756
rock/rock.00016.wav,0.9219665527,0.1823430952,0.001827391064,937672.9178,3147.314302,71.77734375,1147.885328
rock/rock.00017.wav,0.9441833496,0.1640656515,0.001880033764,816440.965,3097.414604,123.046875,1173.629724
rock/rock.00018.wav,0.8843688965,0.1373924335,0.003104070626,1703824.633,2552.151234,117.4538352,938.5128258
rock/rock.00019.wav,0.8026733398,0.1104149595,0.001869821703,1204299.003,2825.149583,60.09265988,1015.80368
rock/rock.00020.wav,1,0.1509357431,0.002517937824,1729957.535,2590.284337,184.5703125,1139.148334
rock/rock.00021.wav,0.9792785645,0.1597408348,0.003110184568,1784947.582,2679.117133,184.5703125,1175.954712
rock/rock.00022.wav,1,0.1716243461,0.003054558449,1620608.299,3051.648214,184.5703125,1211.873449
rock/rock.00023.wav,0.9909057617,0.1343574249,0.002053890948,1382205.115,2546.7846,73.828125,1012.023859
rock/rock.00024.wav,0.874206543,0.1547302877,0.002200890628,1223811.102,3161.847547,151.9990809,1183.376793
rock/rock.00025.wav,0.9437255859,0.1476277758,0.002003306373,1206775.721,3478.3123,103.359375,1352.215607
rock/rock.00026.wav,0.9410705566,0.1506520432,0.001811115585,1339607.598,2708.616955,112.3471467,1086.681701
rock/rock.00027.wav,0.2470397949,0.07867518853,0.0003316937067,2916334.517,2939.724233,161.4990234,1096.112411
rock/rock.00028.wav,0.7188110352,0.1367628652,0.001457205272,966894.4877,2247.886407,69.83741554,825.0828257
rock/rock.00029.wav,0.8529052734,0.1787486356,0.001728589661,1650661.34,2456.718478,83.35433468,797.4124194
rock/rock.00030.wav,0.526550293,0.09543329715,0.0007073253317,3219150.565,2532.151355,66.25600962,892.1502065
rock/rock.00031.wav,0.9672241211,0.1217279597,0.004195629919,2320326.609,2919.015682,117.4538352,974.5275151
rock/rock.00032.wav,0.803894043,0.219721519,0.0034131253,1158735.627,2554.209663,60.09265988,948.105645
rock/rock.00033.wav,0.6989440918,0.126444643,0.001769746191,501159.7291,1649.95669,117.4538352,643.2081957
rock/rock.00034.wav,0.7570495605,0.1900712842,0.001166672736,1117844.11,2972.801203,135.9991776,1022.332864
rock/rock.00035.wav,0.7690124512,0.1230344523,0.0007381943734,524296.6682,1256.059071,129.1992188,536.9496193
rock/rock.00036.wav,0.7952880859,0.2145664611,0.002230571571,1741476.015,3240.74707,135.9991776,1185.938497
rock/rock.00037.wav,0.8440551758,0.1110952616,0.001502358829,1804213.615,3223.347176,129.1992188,1243.543141
rock/rock.00038.wav,0.8372802734,0.2169880899,0.005319204744,2072080.518,3097.845662,135.9991776,1081.24553
rock/rock.00039.wav,0.8869934082,0.1428628132,0.001906482391,895851.0713,2705.550307,184.5703125,954.205703
rock/rock.00040.wav,0.9697265625,0.1398737452,0.004017429055,2320142.193,3189.680712,64.59960938,1031.607745
rock/rock.00041.wav,0.9990539551,0.158016516,0.002926645211,2107323.851,3269.413564,78.30255682,1185.319385
rock/rock.00042.wav,0.9999694824,0.1158592928,0.002693182376,2602985.72,3033.314991,161.4990234,993.1949712
rock/rock.00043.wav,0.9998474121,0.1369599426,0.004205508735,1655321.265,3172.314151,184.5703125,1335.725145
rock/rock.00044.wav,0.8876647949,0.1428205389,0.001680775735,343686.8246,1518.290819,92.28515625,741.5631216
rock/rock.00045.wav,0.561706543,0.09609927641,0.0009935016191,538441.5504,1739.856146,151.9990809,623.398284
rock/rock.00046.wav,0.9898681641,0.1184841772,0.001892911406,1045422.641,2604.58425,103.359375,1021.501913
rock/rock.00047.wav,0.9999084473,0.1351456905,0.003022227626,3294505.588,3442.912515,107.6660156,1007.178836
rock/rock.00048.wav,0.8202514648,0.1444397536,0.0009159847143,497887.6087,1878.888639,129.1992188,794.5152718
rock/rock.00049.wav,0.7141418457,0.09987014754,0.002550730869,1842682.385,2012.554497,112.3471467,799.9413043
rock/rock.00050.wav,0.8885498047,0.1354396694,0.006707307674,1138151.323,1174.626231,123.046875,526.3684539
rock/rock.00051.wav,0.8530578613,0.1587107654,0.00316796729,3775489.152,2663.950558,172.265625,787.2653081
rock/rock.00052.wav,0.9234619141,0.1103292476,0.006249778427,4739250.68,1952.188195,184.5703125,594.0624242
rock/rock.00053.wav,0.8819274902,0.1875521724,0.002896488394,2359570.802,4133.775004,60.09265988,1504.83207
rock/rock.00054.wav,0.4807434082,0.06473621591,0.0007344138121,4420927.565,2917.71569,184.5703125,961.8886734
rock/rock.00055.wav,0.8669433594,0.144475259,0.003094830897,356742.4445,1467.891124,172.265625,606.9955587
rock/rock.00056.wav,0.9300842285,0.1729699966,0.003029081392,3024265.576,3913.176338,135.9991776,1371.5391
rock/rock.00057.wav,0.9514160156,0.1205098373,0.001522939627,3074489.301,3857.610007,123.046875,1199.551036
rock/rock.00058.wav,0.4157104492,0.08704026343,0.0002784201403,2649266.719,2180.75348,117.4538352,843.5533055
rock/rock.00059.wav,0.365020752,0.05053326975,0.0002521680433,1813013.421,1907.121801,117.4538352,666.9549732
rock/rock.00060.wav,0.7023925781,0.101270638,0.001020338826,1911165.183,2967.815387,172.265625,1041.160068
rock/rock.00061.wav,0.5682678223,0.08677459018,0.000719127731,1422828.246,1521.790798,123.046875,586.9601897
rock/rock.00062.wav,0.562286377,0.05880319131,0.0009914003886,3023066.128,2392.085535,123.046875,733.1622197
rock/rock.00063.wav,0.3594055176,0.05259698677,0.000418616998,1862932.389,1230.559226,184.5703125,635.5822482
rock/rock.00064.wav,0.8031616211,0.1046651076,0.002170689216,1050288.448,2345.019153,99.38401442,910.2709524
rock/rock.00065.wav,0.8044128418,0.1129007837,0.001713571538,938666.5013,2844.849464,61.5234375,1203.762489
rock/rock.00066.wav,0.5342102051,0.04185105408,0.000926489827,1800248.525,2360.819058,75.99954044,996.5751661
rock/rock.00067.wav,0.8350524902,0.0970788129,0.002165916154,2373290.107,2641.984024,103.359375,765.4601934
rock/rock.00068.wav,0.5831604004,0.09013831057,0.0007527030347,1681917.112,2606.550905,123.046875,909.4535465
rock/rock.00069.wav,0.3648681641,0.04618900593,0.0003505804799,2867531.027,3033.581656,172.265625,1021.545505
rock/rock.00070.wav,0.7982788086,0.05281347326,0.0007879944382,2459560.4,3065.681462,172.265625,1098.265048
rock/rock.00071.wav,0.9801635742,0.1560906396,0.004084256114,899828.9788,2001.0879,112.3471467,800.7430273
rock/rock.00072.wav,0.9359130859,0.1622396712,0.003420611529,1677475.269,1799.989116,69.83741554,690.4704764
rock/rock.00073.wav,0.9953613281,0.1645053411,0.003782889158,1604671.859,2424.285341,184.5703125,818.4087733
rock/rock.00074.wav,0.9873962402,0.1506202734,0.002957895177,751465.9908,2008.887853,112.3471467,710.5988329
rock/rock.00075.wav,1,0.1214923918,0.003137896272,2132560.903,2457.718472,123.046875,842.3086105
rock/rock.00076.wav,0.9535827637,0.1426430389,0.003246575523,1733007.143,1568.690514,95.703125,690.8735604
rock/rock.00077.wav,0.9853515625,0.1240813176,0.003092730316,1171765.749,2341.052511,71.77734375,719.8098353
rock/rock.00078.wav,0.9047851562,0.1398533371,0.003393199726,2155285.246,1580.323777,64.59960938,538.7262138
rock/rock.00079.wav,0.5829467773,0.1153295625,0.001113580947,1074371.917,2404.685459,123.046875,978.8816315
rock/rock.00080.wav,0.6282043457,0.1029681961,0.001171001776,1533067.371,3299.046718,117.4538352,1239.269558
rock/rock.00081.wav,0.7631835938,0.09187571247,0.001800501695,2067280.59,3000.248525,117.4538352,1117.837496
rock/rock.00082.wav,0.6617736816,0.0918201571,0.001312265674,2704262.41,4048.608852,184.5703125,1515.05303
rock/rock.00083.wav,0.7527160645,0.09965388679,0.0009355460289,594827.8863,2045.120967,123.046875,697.5838721
rock/rock.00084.wav,0.5968017578,0.1054893502,0.001082074834,2594214.007,3069.214774,129.1992188,1171.438544
rock/rock.00085.wav,0.4791564941,0.06238200956,0.0009572007973,2321720.574,2665.35055,184.5703125,1125.656891
rock/rock.00086.wav,0.8362121582,0.07434357475,0.002587127092,3644174.382,3223.447175,135.9991776,1399.027991
rock/rock.00087.wav,1,0.1635868947,0.001759747446,576872.3257,2832.716204,129.1992188,1071.29603
rock/rock.00088.wav,0.638671875,0.08769242905,0.001810338018,2290529.093,3564.211781,92.28515625,1363.793997
rock/rock.00089.wav,0.8792114258,0.101802511,0.002097005519,1122560.401,1614.423571,107.6660156,709.1686405
rock/rock.00090.wav,0.5968017578,0.1537459055,0.001784110164,1231387.351,2658.683923,184.5703125,1032.304226
rock/rock.00091.wav,0.5784301758,0.1077177991,0.0002867401016,1204395.319,3309.046657,143.5546875,1279.063431
rock/rock.00092.wav,0.7410583496,0.1056988317,0.0004740230226,690154.4045,3326.31322,129.1992188,1268.722605
rock/rock.00093.wav,0.643371582,0.1050094832,0.0006431155174,466200.4185,2166.686898,103.359375,855.8977065
rock/rock.00094.wav,0.8437194824,0.1013336111,0.0004992978536,742841.3407,3231.91379,107.6660156,1281.809635
rock/rock.00095.wav,0.6056213379,0.07891362375,0.000434967578,835116.2325,1966.154778,103.359375,743.0649932
rock/rock.00096.wav,0.6386108398,0.07569536711,0.0007050958463,589737.9034,2152.186986,78.30255682,816.057246
rock/rock.00097.wav,0.5286560059,0.08073958093,0.0004646487947,1067126.147,2684.08377,129.1992188,1046.046902
rock/rock.00098.wav,0.5078735352,0.08300378715,0.001350622996,515925.0583,1073.460176,184.5703125,468.2980673
rock/rock.00099.wav,0.5664367676,0.05418630529,0.0003660395247,1161290.405,1681.923163,184.5703125,935.77912
