filename,F_DURATION,F_RMS_MEAN,F_RMS_VAR,F_ZCR_VAR,F_ZCR_MEAN,F_BPM,F_CENTROID
blues.00000.wav,661794,0.1302279233932495,0.0028266964945942163,0.0007669456545940504,0.08304482066898686,123.046875,1784.165849538755
blues.00001.wav,661794,0.09594780951738358,0.00237273913808167,0.001447521491359064,0.05603980870552978,67.99958881578948,1530.1766787460795
blues.00002.wav,661794,0.17557041347026825,0.0027459163684397936,0.0010068290788351824,0.07629120746326373,161.4990234375,1552.8118647610036
blues.00003.wav,661794,0.14109300076961517,0.006346346344798803,0.00042275898709484,0.03330886262567672,63.02400914634146,1070.1066149971282
blues.00004.wav,661794,0.09152871370315552,0.002303397748619318,0.0019541247020998685,0.10146053871809745,135.99917763157896,1835.0042655120715
blues.00005.wav,661794,0.10349363833665848,0.0039805080741643906,0.006233195614802252,0.09404153373936582,69.83741554054055,1831.993939606849
blues.00006.wav,661794,0.14187414944171906,0.008803188800811768,0.0019091706678011008,0.07305223740815932,71.77734375,1459.366471695765
blues.00007.wav,661794,0.13182218372821808,0.005531143397092819,0.0018488162723341102,0.061442246108855375,92.28515625,1451.6670658428209
blues.00008.wav,661794,0.14241649210453033,0.0015071560628712177,0.0007314817438538322,0.06402488761600927,83.35433467741936,1719.3689480431458
blues.00009.wav,661794,0.08131366223096848,0.004346864763647318,0.0013776590528174816,0.07917482356921887,80.74951171875,1817.150863125721
blues.00010.wav,661794,0.14286506175994873,0.00920027680695057,0.0004415341143935523,0.06295882576856149,161.4990234375,1409.9552556449528
blues.00011.wav,661794,0.0657406896352768,0.002499910304322839,0.0018957123722602104,0.043930584759280744,161.4990234375,1352.6596654421637
blues.00012.wav,661794,0.11904605478048325,0.004052797332406044,0.002380562343826463,0.06909500676720805,184.5703125,1360.6411972395076
blues.00013.wav,661794,0.113169826567173,0.00418891804292798,0.001255387820866968,0.0514017032820959,107.666015625,1324.2932181481017
blues.00014.wav,661794,0.06705453246831894,0.00271696993149817,0.001559970831725131,0.045036675850734724,151.99908088235293,1171.8482269140322
blues.00015.wav,661794,0.08062402158975601,0.002828972414135933,0.0019409896600481654,0.06370125495456304,99.38401442307692,1420.3651651340072
blues.00016.wav,661794,0.081471748650074,0.002641043160110712,0.0014187982635001817,0.06134406117072699,198.76802884615384,1454.9639409753456
blues.00017.wav,661794,0.09330607950687408,0.0021507665514945984,0.0008451654661521953,0.048326248912412995,172.265625,1088.8442297527458
blues.00018.wav,661794,0.07970637083053589,0.002956253942102194,0.0017222051542408522,0.056141769987432324,83.35433467741936,1537.5876985238351
blues.00019.wav,661794,0.09765975177288055,0.0025750913191586733,0.001798326376787047,0.05888603900812065,123.046875,1195.4703757774469
blues.00020.wav,661794,0.07547449320554733,0.002498623449355364,0.000616229079623275,0.05258634232405259,135.99917763157896,1390.3015575567933
blues.00021.wav,661794,0.10113207995891571,0.0032283971086144447,0.0023313094290948392,0.047907452387857694,99.38401442307692,1046.5500105240208
blues.00022.wav,661794,0.1134258508682251,0.003685632487758994,0.0028679686061733804,0.05856995903422274,95.703125,1155.781220867788
blues.00023.wav,661794,0.10203516483306885,0.0035658790729939938,0.0010877847348502296,0.052467009860788866,184.5703125,1209.9878628924062
blues.00024.wav,661794,0.08694726973772049,0.0025105595123022795,0.0010789939313289771,0.04727604770881671,103.359375,1120.0194669331925
blues.00025.wav,661794,0.0892152190208435,0.0031132218427956104,0.0013392659740276058,0.051697390999613305,92.28515625,1109.3527843880802
blues.00026.wav,661794,0.07711019366979599,0.005945712793618441,0.001486869460338792,0.05197268646075019,83.35433467741936,1198.4590845429223
blues.00027.wav,661794,0.09581015259027481,0.002195351989939809,0.002545686800946762,0.07241441294470224,92.28515625,1391.8419520071109
blues.00028.wav,661794,0.0996667742729187,0.004145585931837559,0.0008165978609675527,0.04801998743232792,103.359375,1115.7282019411243
blues.00029.wav,661794,0.1247364804148674,0.004812354221940041,0.0032474412544681052,0.05289486961040216,129.19921875,1648.8351694525165
blues.00030.wav,661794,0.17006206512451172,0.0031879544258117676,0.0009455695718301325,0.039366118039443156,151.99908088235293,1379.189381936241
blues.00031.wav,661794,0.15151764452457428,0.0031898915767669678,0.0010961764349717974,0.04294722484048724,151.99908088235293,1330.715617463902
blues.00032.wav,661794,0.10132135450839996,0.003950803074985743,0.003158095633297049,0.03938839846771075,143.5546875,1309.3824080697561
blues.00033.wav,661794,0.13321350514888763,0.0022522350773215294,0.001439137164341991,0.04197368341550657,151.99908088235293,1430.4924328152892
blues.00034.wav,661794,0.13593539595603943,0.003222694853320718,0.0006911724510794357,0.04570244525812065,184.5703125,1537.0980205512037
blues.00035.wav,661794,0.17337872087955475,0.003346121171489358,0.0005739812926893613,0.04541997474381284,129.19921875,1506.8728757224983
blues.00036.wav,661794,0.19774682819843292,0.004709623754024506,0.00034853728629918835,0.03690734060808198,151.99908088235293,1247.3550297102443
blues.00037.wav,661794,0.0691884383559227,0.0022329380735754967,0.001272015312079556,0.048163866130123745,123.046875,1188.3081417864564
blues.00038.wav,661794,0.16808383166790009,0.003920259885489941,0.0020144301429024895,0.044373172249613305,86.1328125,1514.1006734453892
blues.00039.wav,661794,0.08586248010396957,0.0026275399141013622,0.0009460119121801402,0.03532089858855375,117.45383522727273,1151.008992577037
blues.00040.wav,661794,0.13489198684692383,0.0007773483521305025,0.0013824106742667992,0.09764303279679042,172.265625,2272.4395473323143
blues.00041.wav,661794,0.12916584312915802,0.0008704163483344018,0.001595798596373276,0.10226074596384377,129.19921875,2390.39009977241
blues.00042.wav,661794,0.11100128293037415,0.0005274098366498947,0.0018260240252338587,0.09782391966357308,89.10290948275862,2301.609667012493
blues.00043.wav,661794,0.12738555669784546,0.0013212010962888598,0.0012249031617383162,0.08717463022041763,129.19921875,2155.879628754764
blues.00044.wav,661794,0.13632091879844666,0.0004739772411994636,0.0009024755703477607,0.09252533171403712,135.99917763157896,2278.9612516967195
blues.00045.wav,661794,0.14835843443870544,0.0007081437506712973,0.00026618744156701264,0.048048310010634185,129.19921875,1739.134032915427
blues.00046.wav,661794,0.10260163247585297,0.0009464111062698066,0.0009074450402103902,0.05845780162412993,123.046875,1913.0115998174997
blues.00047.wav,661794,0.11225929111242294,0.0005268389359116554,0.0008400964618032157,0.07532370818832174,151.99908088235293,2013.0116652479705
blues.00048.wav,661794,0.12396910786628723,0.0009199082851409912,0.0013097469386016863,0.09876687270398299,123.046875,2148.1976094245806
blues.00049.wav,661794,0.08858688175678253,0.0004576867795549333,0.000759941091522924,0.039961269818252126,123.046875,1318.1914651872387
blues.00050.wav,661794,0.1823381781578064,0.003966720309108496,0.0012194024196383187,0.08579060022718484,135.99917763157896,1945.5331078931831
blues.00051.wav,661794,0.19667555391788483,0.0017043458065018058,0.000946205608834699,0.10660165313225058,99.38401442307692,1977.2342507767992
blues.00052.wav,661794,0.09888217598199844,0.00299455295316875,0.0030837184552870347,0.0671879531612529,151.99908088235293,1443.8101061604452
blues.00053.wav,661794,0.16834376752376556,0.0036813481710851192,0.002348147700226341,0.1328151434406419,103.359375,2171.445862789447
blues.00054.wav,661794,0.2009461224079132,0.0035625691525638103,0.0019149243979982205,0.10339893597737819,89.10290948275862,2030.6571856229589
blues.00055.wav,661794,0.15774165093898773,0.004302954766899347,0.0025288062349315557,0.11311924485208817,135.99917763157896,2032.001859230746
blues.00056.wav,661794,0.1378711462020874,0.0032705054618418217,0.001698276613367128,0.07550308451759474,161.4990234375,1811.771254340093
blues.00057.wav,661794,0.17597539722919464,0.0035689915530383587,0.0015348868328816851,0.08993966913186388,92.28515625,1886.9548087305852
blues.00058.wav,661794,0.161992609500885,0.004784696735441685,0.001929636247653688,0.10435170751160093,107.666015625,2068.3584755845045
blues.00059.wav,661794,0.1699792742729187,0.004249358084052801,0.004211845275557566,0.1422416527697216,107.666015625,2235.589429058707
blues.00060.wav,661794,0.19630733132362366,0.0034470325335860252,0.0013971267188710467,0.09742287195475638,151.99908088235293,1946.3310796193784
blues.00061.wav,661794,0.14172586798667908,0.0006189765990711749,0.0025504901484989383,0.16753371519721577,129.19921875,2503.94548833885
blues.00062.wav,661794,0.10628481954336166,0.0008664455963298678,0.003780221473814957,0.11714180624033256,112.34714673913044,2280.276471978505
blues.00063.wav,661794,0.0962734967470169,0.0017364005325362086,0.0030691837452442696,0.15441054294760248,92.28515625,2840.060760885935
blues.00064.wav,661794,0.11743242293596268,0.0005462801200337708,0.001059015153491846,0.14683293153035576,78.30255681818181,2553.361182654169
blues.00065.wav,661794,0.10036323964595795,0.0008642561733722687,0.002553609353603767,0.14628196297370458,107.666015625,2816.2257386186943
blues.00066.wav,661794,0.11046107858419418,0.0007025626837275922,0.00399985368271014,0.12179161832946636,161.4990234375,2340.802465391952
blues.00067.wav,661794,0.12911048531532288,0.0005583287565968931,0.0017066661518408302,0.1127057352088167,161.4990234375,2258.0093136888186
blues.00068.wav,661794,0.10311729460954666,0.0009861425496637821,0.0015157114638884432,0.13510738411156226,161.4990234375,2513.3130174231983
blues.00069.wav,661794,0.11652310937643051,0.0009636525064706802,0.0025021753415951087,0.12512877332269914,78.30255681818181,2371.4805438318162
blues.00070.wav,661794,0.10613685846328735,0.0011060802498832345,0.0017452852439065914,0.09834769854505027,143.5546875,2159.3919998358315
blues.00071.wav,661794,0.12055984884500504,0.0003253099857829511,0.0014292187567062592,0.13464138328982986,73.828125,2428.92876695113
blues.00072.wav,661794,0.1039118692278862,0.0004451088607311249,0.002800874805590252,0.1291906086861949,103.359375,2595.0823249210684
blues.00073.wav,661794,0.25972306728363037,0.0054727885872125626,0.000993991151988332,0.10054024374033256,99.38401442307692,2094.7700987944086
blues.00074.wav,661794,0.19702327251434326,0.004277336876839399,0.0016698406379629758,0.12089020507057231,112.34714673913044,2515.4624865561696
blues.00075.wav,661794,0.1921139508485794,0.008024941198527813,0.0032158010706293174,0.10850946200696056,117.45383522727273,2224.1107373201194
blues.00076.wav,661794,0.21900226175785065,0.004654885735362768,0.0026628060585194052,0.13647177711716937,117.45383522727273,2645.785682883694
blues.00077.wav,661794,0.24322885274887085,0.005086119286715984,0.0011451971378402478,0.11153393573569219,99.38401442307692,2207.2191647229342
blues.00078.wav,661794,0.25811767578125,0.0027309944853186607,0.0005588661449706447,0.12381951493619489,123.046875,2333.510453703183
blues.00079.wav,661794,0.2709415853023529,0.001899398397654295,0.0011888826330901203,0.12468240948859242,78.30255681818181,2442.871409593545
blues.00080.wav,661794,0.24246586859226227,0.007511124014854431,0.0012039334675779153,0.09403926793310131,117.45383522727273,1827.2085001488215
blues.00081.wav,661794,0.24821805953979492,0.0053970664739608765,0.0007276014478912704,0.127271093145785,103.359375,2116.917658960695
blues.00082.wav,661794,0.2514062225818634,0.0037242297548800707,0.0006445664820023462,0.10512510271655066,123.046875,2141.518181873434
blues.00083.wav,661794,0.2512422204017639,0.003458812367171049,0.0013099248223414873,0.11795032144238206,135.99917763157896,2314.9277620661674
blues.00084.wav,661794,0.23524759709835052,0.00712733855471015,0.0015506072822180752,0.11336735063805105,112.34714673913044,2060.7502905506763
blues.00085.wav,661794,0.15017417073249817,0.003576077986508608,0.0016706205518992835,0.05939169143948182,143.5546875,1311.8487999488902
blues.00086.wav,661794,0.12495680898427963,0.003669959958642721,0.0027271221550006965,0.04881868414056458,123.046875,1245.730096028976
blues.00087.wav,661794,0.1580333560705185,0.0027295055333524942,0.00115507458739707,0.05086923880993813,172.265625,1441.899256960002
blues.00088.wav,661794,0.142042338848114,0.003472093725576997,0.00017479230697972387,0.032053605955143075,172.265625,1006.6456939324206
blues.00089.wav,661794,0.05285291746258736,0.001804210594855249,0.0004045652172918926,0.025648171645398298,107.666015625,798.4511724715967
blues.00090.wav,661794,0.1319008618593216,0.0021350057795643806,0.002686404427147652,0.05819685626933488,143.5546875,1612.5149449610838
blues.00091.wav,661794,0.09940700978040695,0.0012822744902223349,0.0006523652146482036,0.03605237637761021,63.02400914634146,991.3935127311216
blues.00092.wav,661794,0.06308422982692719,0.0015340081881731749,0.0016002975588640964,0.03231153023491879,83.35433467741936,918.5851689491242
blues.00093.wav,661794,0.06587731093168259,0.001802830258384347,0.00011746860485255436,0.02169698315448569,58.72691761363637,570.0403547660414
blues.00094.wav,661794,0.14106890559196472,0.0053729405626654625,0.002505443511019589,0.05087905730375097,103.359375,1239.1955798268361
blues.00095.wav,661794,0.18709316849708557,0.002156503964215517,0.0013287202421487527,0.05714703270011601,135.99917763157896,1388.635156780229
blues.00096.wav,661794,0.051399506628513336,0.0008577092667110264,0.0012659801791965047,0.04829301708720031,143.5546875,1132.1359575420695
blues.00097.wav,661794,0.19832859933376312,0.00294905761256814,0.000762501303160325,0.04461485825116009,117.45383522727273,1236.2307723409078
blues.00098.wav,661794,0.12545542418956757,0.0017088835593312979,0.0024321440446712994,0.12843231885634185,123.046875,2310.4982404968396
blues.00099.wav,661794,0.10501129180192947,0.005344762466847897,0.0016717546503694685,0.07476858565351895,92.28515625,1538.394496500457
classical.00000.wav,661794,0.036244891583919525,0.00022075070592109114,0.00043139377691147647,0.0982227015661253,95.703125,1505.1664239695376
classical.00001.wav,661794,0.030625173822045326,0.0001609683531569317,0.0006296791897660804,0.08776562802107502,112.34714673913044,1360.6436715050725
classical.00002.wav,661794,0.04385954886674881,0.00019262018031440675,0.00039522713039377976,0.09004578439191802,99.38401442307692,1490.2753639425312
classical.00003.wav,661794,0.029442084953188896,0.0003565407241694629,0.0011608430409859437,0.10894638498163187,71.77734375,1526.6298823738107
classical.00004.wav,661794,0.042316313832998276,0.00020938761008437723,0.0008350000670740937,0.11285716659416087,161.4990234375,1705.5632594748906
classical.00005.wav,661794,0.043262235820293427,0.000584547349717468,0.0006178057523201335,0.07521004024071926,143.5546875,1431.0551928724476
classical.00006.wav,661794,0.03321557119488716,0.0003484551561996341,0.0007319495308407179,0.07290118365719257,99.38401442307692,1372.6378004260011
classical.00007.wav,661794,0.040911510586738586,0.0007742107845842838,0.001149808365694066,0.07312700901488786,215.33203125,1358.8507735998005
classical.00008.wav,661794,0.03404487669467926,0.00045978129492141306,0.0006539050831439084,0.07877792983855375,135.99917763157896,1516.83111776797
classical.00009.wav,661794,0.02380259521305561,0.00019978020281996578,0.0007709239240588261,0.056246752344354216,234.90767045454547,1216.1877859259905
classical.00010.wav,661794,0.029510604217648506,0.00040906036156229675,0.0008469351378666316,0.08621732707366589,103.359375,1497.3690865419842
classical.00011.wav,661794,0.0214912761002779,7.810237002559006e-05,0.00039512634552291446,0.06075721734822119,151.99908088235293,950.2545384089235
classical.00012.wav,661794,0.03140295669436455,0.0006149033433757722,0.0007391505582970913,0.06596252960653519,95.703125,1180.3834446153692
classical.00013.wav,661794,0.03172732889652252,0.0006840874557383358,0.0010074175093887931,0.08087606643948182,129.19921875,1387.9618032265548
classical.00014.wav,661794,0.031625304371118546,0.000594842538703233,0.0005001499420313561,0.06845076251933488,143.5546875,1279.434903021527
classical.00015.wav,661794,0.011433251202106476,8.834786422085017e-05,0.0006384558782601251,0.07571871374709976,83.35433467741936,1371.28085849806
classical.00016.wav,661794,0.008015458472073078,1.778571095201187e-05,0.00042082809278609726,0.04765745843000773,99.38401442307692,1054.5457141605525
classical.00017.wav,661794,0.037362825125455856,0.0010307827033102512,0.0002849721267205362,0.08107885610015468,89.10290948275862,1358.547002173604
classical.00018.wav,661794,0.01869678683578968,0.0003206132387276739,0.0008246041197945154,0.0706663434116396,161.4990234375,1157.9167442283674
classical.00019.wav,661794,0.007993845269083977,2.9834656743332744e-05,0.0010792507016681293,0.057628894165699926,184.5703125,1185.2101390744244
classical.00020.wav,661794,0.0384584479033947,0.0005169247160665691,0.0005191686687051391,0.0697996725154679,143.5546875,1218.0647279249797
classical.00021.wav,661794,0.04547975957393646,0.0015085252234712243,0.0005567518414432654,0.07953924074342614,135.99917763157896,1371.0629154476965
classical.00022.wav,661794,0.04788936302065849,0.0008853065664879978,0.0003942288851744094,0.06844094402552205,107.666015625,1211.1697476044014
classical.00023.wav,661794,0.017149969935417175,4.550304220174439e-05,0.00034593432885246213,0.04421683161736272,95.703125,983.7246422989273
classical.00024.wav,661794,0.06670055538415909,0.0005587193300016224,0.0003184489565647931,0.07162893343967518,151.99908088235293,1253.1021072415497
classical.00025.wav,661794,0.06410078704357147,0.0005185715854167938,0.000384935461589065,0.0682921560808198,129.19921875,1184.1325500713592
classical.00026.wav,661794,0.038927171379327774,0.001246714498847723,0.0004311977714378822,0.08173216357308585,161.4990234375,1278.5133569479156
classical.00027.wav,661794,0.028414912521839142,0.00020718366431538016,0.0002786471350840096,0.053432620963843776,135.99917763157896,901.6906629096737
classical.00028.wav,661794,0.06262078136205673,0.0006541793118230999,0.0006952577373725722,0.08109509437838361,161.4990234375,1314.2821253878917
classical.00029.wav,661794,0.041655078530311584,0.0012230683350935578,0.0011408048194012006,0.09219376873066512,135.99917763157896,1559.019163275448
classical.00030.wav,661794,0.02971753664314747,0.0002742289798334241,0.000858560211983913,0.06370465366395979,117.45383522727273,1243.3447339713168
classical.00031.wav,661794,0.026806114241480827,0.0003425000759307295,0.0002805628302616343,0.03944315545243619,112.34714673913044,822.235829835543
classical.00032.wav,661794,0.008044705726206303,2.0913126718369313e-05,6.25994123776315e-05,0.036572756549690645,103.359375,792.8812344356368
classical.00033.wav,661794,0.012359344400465488,0.00018650210404302925,0.0006788322873628468,0.054395966260634185,143.5546875,1128.2526115022185
classical.00034.wav,661794,0.03891215845942497,0.0006723697879351676,0.0014768818274917277,0.07354051865815932,123.046875,1369.4900886512185
classical.00035.wav,661794,0.040670499205589294,0.0006488369544968009,0.002033074263901677,0.06112352269431554,151.99908088235293,1016.1838686474185
classical.00036.wav,661794,0.01599917747080326,0.00018963150796480477,0.001157177877044786,0.059409440255220415,107.666015625,1282.2856388021637
classical.00037.wav,661794,0.041532643139362335,0.0009222766384482384,0.001738169100845183,0.09391540385730858,161.4990234375,1533.66823040485
classical.00038.wav,661794,0.04434818774461746,0.0010930129792541265,0.0007509861371003806,0.07583880147911833,151.99908088235293,1279.2759794519593
classical.00039.wav,661794,0.012815866619348526,0.00021915262914262712,0.0023687939689126408,0.10895658110982212,161.4990234375,1633.7200727741783
classical.00040.wav,661794,0.019731596112251282,0.00016776776465121657,0.0006095330623364314,0.07262022368039443,117.45383522727273,1396.5924291389088
classical.00041.wav,661794,0.021289005875587463,0.0005889944732189178,0.0011474694338970074,0.07881720381380511,123.046875,1329.4383851552363
classical.00042.wav,669680,0.13417066633701324,0.0027048648335039616,0.0002794859011979125,0.09386497754204894,198.76802884615384,1326.2034398354226
classical.00043.wav,661676,0.11534157395362854,0.0029172224458307028,0.00022683209748628123,0.05100896352958237,129.19921875,1063.0746815809432
classical.00044.wav,661794,0.017926150932908058,4.466862083063461e-05,0.0005432708441789496,0.0717101248308198,80.74951171875,1181.3400969829443
classical.00045.wav,665280,0.13835451006889343,0.0017454515909776092,0.00025357041485916227,0.06226149338942308,184.5703125,1176.4774630291588
classical.00046.wav,661760,0.11509930342435837,0.0003568214306142181,0.0006029248477689964,0.11157585315158546,129.19921875,1878.382005168527
classical.00047.wav,661794,0.00949530117213726,2.7735506591852754e-05,0.00042047251953821423,0.06634016398395205,123.046875,1173.88359068627
classical.00048.wav,663520,0.1608574092388153,0.00316570233553648,0.0018326751415110583,0.08720002350983797,172.265625,1513.8706372364393
classical.00049.wav,661408,0.12381207942962646,0.004037758335471153,0.001174314721849899,0.10944642813951239,103.359375,2224.870163945009
classical.00050.wav,661794,0.007976115681231022,1.669544326432515e-05,0.00021770621715474258,0.04948709698859242,107.666015625,1170.0280758805013
classical.00051.wav,661344,0.08053867518901825,0.0031689158640801907,0.0016020911563379623,0.06010507872968266,135.99917763157896,1527.629815786948
classical.00052.wav,661794,0.05546330288052559,0.0012869684724137187,0.002332659071437532,0.12693159984048724,161.4990234375,2411.5866181146966
classical.00053.wav,670120,0.1383577287197113,0.0031403701286762953,0.0005364494836622036,0.08767017105137509,215.33203125,1462.3063000536993
classical.00054.wav,672282,0.1741567999124527,0.002275926060974598,0.001497649881276577,0.11507495897545662,95.703125,1702.263183861469
classical.00055.wav,661794,0.013062980957329273,0.00011278065358055755,0.0005204484769015218,0.05933844499226605,78.30255681818181,1079.4087644137867
classical.00056.wav,663080,0.18982969224452972,0.003639199770987034,0.0006888062032977268,0.09672226140528549,95.703125,1681.22547321384
classical.00057.wav,661794,0.016785860061645508,9.157837484963238e-05,0.0016647520721126308,0.09522957149071926,107.666015625,1751.1195628510188
classical.00058.wav,661794,0.030005529522895813,0.00012349405733402818,0.0006910638544427194,0.08184394334880124,143.5546875,1137.9955297131805
classical.00059.wav,661794,0.06914731860160828,0.001283841673284769,0.0009096002336501873,0.093266250362529,117.45383522727273,1551.1980314673463
classical.00060.wav,661794,0.06875481456518173,0.0007265173480845988,0.0010057245469389934,0.1040197668938515,123.046875,1803.9121542515827
classical.00061.wav,661794,0.04819563031196594,0.00091076287208125,0.000773441209915956,0.0761046560808198,151.99908088235293,1322.0704415985415
classical.00062.wav,661794,0.03893661126494408,0.0013099669013172388,0.0012348277388693602,0.07402917754253674,89.10290948275862,1474.6678518921715
classical.00063.wav,661794,0.020146258175373077,0.00018115693819709122,4.408678767810536e-05,0.03604482369006187,95.703125,690.2008583146431
classical.00064.wav,661794,0.012561473995447159,0.00019214513304177672,0.0001541295608266771,0.0422878752175174,89.10290948275862,1117.8503357890468
classical.00065.wav,661794,0.029243210330605507,0.0005057048983871937,0.00021491923841703264,0.04750791521655066,123.046875,828.7510282027442
classical.00066.wav,661794,0.031794387847185135,0.0005477804807014763,9.368258642241876e-05,0.04502194811001547,135.99917763157896,794.9550523902033
classical.00067.wav,661794,0.03172246739268303,0.0013327623018994927,0.0002729056135340565,0.04635726326856149,143.5546875,1117.9923093935986
classical.00068.wav,661794,0.05737665295600891,0.0008825386175885797,0.00034099836610043015,0.09517254869972931,83.35433467741936,1559.8689033036005
classical.00069.wav,661794,0.029150396585464478,0.0001491328002884984,0.00044089754261002445,0.07925337151972157,69.83741554054055,1349.2750136365898
classical.00070.wav,661794,0.03194452449679375,0.0006873796810396016,0.000565057300970422,0.07083778941898686,161.4990234375,1355.5040220465617
classical.00071.wav,661794,0.05168052017688751,0.0015905174659565091,0.0005550322755227385,0.075862970079273,143.5546875,1397.4372725407006
classical.00072.wav,661794,0.02072436735033989,0.00020146022143308073,0.0008176006818983235,0.06374241710170148,117.45383522727273,1285.145711575264
classical.00073.wav,661794,0.04380865395069122,0.000567441456951201,0.0004923580166225486,0.0709397507008894,129.19921875,1211.6130429168547
classical.00074.wav,661794,0.037314753979444504,0.0007174310740083456,0.0004892190010232708,0.0721379845804331,161.4990234375,1360.1539234719019
classical.00075.wav,661794,0.01647871546447277,9.968208178179339e-05,0.000665012717402523,0.06086408787703016,117.45383522727273,1171.4623081533855
classical.00076.wav,661794,0.05881597474217415,0.0014092859346419573,0.0005150535622814755,0.07174562246229699,172.265625,1340.6423820206642
classical.00077.wav,661794,0.016753310337662697,0.00031415405101142824,0.0002541746487097896,0.048334934503093584,161.4990234375,811.5604155421513
classical.00078.wav,661794,0.006629291921854019,1.9384206098038703e-05,0.00011056806413282094,0.041281857236078884,67.99958881578948,715.3997068104165
classical.00079.wav,661794,0.018837695941329002,0.00014516813098452985,0.0003647322756685791,0.05208824258023975,143.5546875,789.4212072363385
classical.00080.wav,661794,0.0052764443680644035,2.9784718208247796e-05,0.0001264084619658938,0.03153360341744006,143.5546875,971.7773909688177
classical.00081.wav,661794,0.01654611900448799,4.985174382454716e-05,0.00043393967757865854,0.06057444230955143,151.99908088235293,1213.9717123940766
classical.00082.wav,661794,0.04300180450081825,0.00021851874771527946,0.0009715313391772595,0.08737817514984532,117.45383522727273,1415.2612463169878
classical.00083.wav,661794,0.04188467934727669,0.0004726068291347474,0.00011708857552103734,0.050776340753093584,117.45383522727273,852.7957557019602
classical.00084.wav,661794,0.022011451423168182,0.00019516538304742426,0.00017845246139678797,0.057944596505220415,112.34714673913044,1001.7383298167861
classical.00085.wav,661794,0.03889960050582886,0.0004057692422065884,0.0008497901781366547,0.09158955372679814,107.666015625,1525.7810336955595
classical.00086.wav,661794,0.031509675085544586,0.00035699698491953313,0.001008743462306971,0.07683462333236658,99.38401442307692,1356.1549279503427
classical.00087.wav,661794,0.0214698426425457,0.00012706212874036282,0.0001581556372488675,0.05104483879543697,123.046875,876.9834292869848
classical.00088.wav,661794,0.028275081887841225,0.000233336235396564,0.00039648267474173897,0.07056627030162413,103.359375,1303.8905870850056
classical.00089.wav,661794,0.03513428196310997,0.00022253488714341074,0.0011259954363309526,0.16665269419470224,99.38401442307692,2423.299494201251
classical.00090.wav,661794,0.023853251710534096,0.00010761430894490331,0.0019560709178971557,0.15196460508507348,95.703125,2172.1382928954195
classical.00091.wav,661794,0.04476765915751457,0.000395775685319677,0.0020710034329234402,0.15240530440351896,92.28515625,2192.650290158105
classical.00092.wav,661794,0.08414982259273529,0.0014392081648111343,0.003376393906664151,0.13096813370069604,95.703125,1807.8898911540593
classical.00093.wav,661794,0.08249171823263168,0.001794401090592146,0.0008626330740070056,0.10824964955529776,135.99917763157896,1623.8519279187194
classical.00094.wav,661794,0.013990558683872223,8.102088759187609e-05,0.001234615018059337,0.07011877356438515,184.5703125,1423.4579191374964
classical.00095.wav,661794,0.013563835993409157,0.00022928717953618616,0.0038539669104502364,0.12435424521461717,86.1328125,1800.8886921601006
classical.00096.wav,661794,0.05698667839169502,0.0007857009768486023,0.0023846903813480183,0.11757193179621037,135.99917763157896,1933.6896020784636
classical.00097.wav,661794,0.03672006353735924,0.00046489687520079315,0.000916535391253819,0.08590993269044857,103.359375,1494.4198208263692
classical.00098.wav,661794,0.029093731194734573,0.00033193244598805904,0.0022154472671569677,0.12342262120552977,184.5703125,1952.4955106143582
classical.00099.wav,661794,0.010505528189241886,4.2943720472976565e-06,0.00040567377785625684,0.08068536107888631,95.703125,1525.1238505471035
country.00000.wav,663300,0.248418390750885,0.0007040723576210439,0.0017496748470965727,0.1072048611111111,86.1328125,2797.844810465822
country.00001.wav,661760,0.2305164784193039,0.00044568945304490626,0.0008765152621628554,0.12698824499709976,129.19921875,2938.155358204135
country.00002.wav,669680,0.14658640325069427,0.0015437566908076406,0.003938416014396235,0.07416238114009939,83.35433467741936,2308.6733650804686
country.00003.wav,661408,0.20436358451843262,0.0019152460154145956,0.002366501392879316,0.1025643835864938,161.4990234375,2174.0338689308455
country.00004.wav,661408,0.2094975709915161,0.0008024144917726517,0.0012625676280788609,0.12416100280572756,117.45383522727273,2966.0860947459514
country.00005.wav,666820,0.20392562448978424,0.001449591014534235,0.0022280965984590464,0.13637249376438987,129.19921875,2926.2933111397347
country.00006.wav,668800,0.2141377180814743,0.0016001317417249084,0.002791233228172467,0.1283081334879495,112.34714673913044,2807.798623323479
country.00007.wav,661100,0.24419903755187988,0.0006409396301023662,0.0017841540269934227,0.11293582502902477,103.359375,2898.717713090442
country.00008.wav,663740,0.27451619505882263,0.0010290262289345264,0.001190326362466941,0.10456258734097919,66.25600961538461,2505.7118922142513
country.00009.wav,663300,0.23655425012111664,0.0013335008407011628,0.0016034747089357696,0.15687278464988427,95.703125,3191.1974627895097
country.00010.wav,661794,0.07470065355300903,0.0011176369152963161,0.0024411488005628705,0.07654006851798144,80.74951171875,1861.2904354497377
country.00011.wav,661794,0.07849885523319244,0.0018223216757178307,0.009105973832144218,0.11016274531129157,112.34714673913044,2839.2887217882185
country.00012.wav,661794,0.12696382403373718,0.001974360551685095,0.0011049066119569833,0.06405358782869296,89.10290948275862,1667.439236105422
country.00013.wav,661794,0.08004845678806305,0.0011099426774308085,0.002385935603463771,0.1295221716695669,129.19921875,2811.73987219857
country.00014.wav,661794,0.09264493733644485,0.0010472272988408804,0.006664443358553215,0.12478399313611756,135.99917763157896,2952.856255223707
country.00015.wav,661794,0.10480104386806488,0.0006677701021544635,0.0021944807522931435,0.09423639307811292,151.99908088235293,1958.677389724351
country.00016.wav,661794,0.0798465684056282,0.0007592806359753013,0.0005893339692575957,0.060195297394624904,107.666015625,1425.9164769253473
country.00017.wav,661794,0.08872513473033905,0.00034555577440187335,0.0008163957889614217,0.06387005752126837,89.10290948275862,1470.1888295787132
country.00018.wav,661794,0.0967935100197792,0.0010085662361234426,0.0016270848204279586,0.09558907941802011,86.1328125,2068.686361980023
country.00019.wav,661794,0.0820891335606575,0.0032071389723569155,0.0010109733257209653,0.0509447656854215,83.35433467741936,1138.713246641952
country.00020.wav,661794,0.10521231591701508,0.000987549778074026,0.005420222167619008,0.08680454853054911,103.359375,2407.1006349713375
country.00021.wav,661794,0.10986439138650894,0.0016762522282078862,0.00038918082676256963,0.04564919881090487,107.666015625,1044.0462117419274
country.00022.wav,661794,0.07515671849250793,0.0010270463535562158,0.0006831665929801746,0.06805726749806651,184.5703125,1719.3092365788868
country.00023.wav,661794,0.038920145481824875,0.00047223971341736615,0.0018982307450734052,0.03546364438321732,83.35433467741936,1494.6650899636236
country.00024.wav,661794,0.09658227860927582,0.0016759171849116683,0.002278907123196443,0.08241794760247487,129.19921875,1738.8886737837881
country.00025.wav,661794,0.07989732921123505,0.0011319734621793032,0.0015802429810291702,0.05727693892594741,73.828125,1564.759947167845
country.00026.wav,661794,0.10056481510400772,0.0013083716621622443,0.0008974486797706776,0.05480418902262181,107.666015625,1269.4499677914682
country.00027.wav,661794,0.11664443463087082,0.0010358610888943076,0.0009358761897691962,0.09735036615429234,92.28515625,2011.6423244781854
country.00028.wav,661794,0.09411196410655975,0.0009526129579171538,0.0005936093867270005,0.05981539721094354,89.10290948275862,1474.196472269433
country.00029.wav,661794,0.11710812896490097,0.0020250773523002863,0.00046561125793374337,0.054210547781322505,89.10290948275862,1214.048919472668
country.00030.wav,661794,0.07959754019975662,0.0021648064721375704,0.0002306508875935565,0.0428343121616396,161.4990234375,1240.558750768216
country.00031.wav,661794,0.10085530579090118,0.0012389873154461384,0.002442687414681044,0.09532511298820573,112.34714673913044,2053.2290886505566
country.00032.wav,661794,0.06052462384104729,0.00121664151083678,0.002030944291778555,0.06758635742942769,99.38401442307692,1823.0687937358653
country.00033.wav,661794,0.10464458912611008,0.00231163133867085,0.003209293914739576,0.12363183065061871,92.28515625,2456.633122147884
country.00034.wav,661794,0.07825537770986557,0.001589277177117765,0.0033713250483454805,0.11928223789153132,135.99917763157896,2614.438372812534
country.00035.wav,661794,0.09997710585594177,0.0011473261984065175,0.0025564454615576993,0.10436530234918794,99.38401442307692,2321.8715325246903
country.00036.wav,661794,0.022781625390052795,0.0002586045302450657,0.0037378242679279704,0.08486652890564579,112.34714673913044,1827.5918660270834
country.00037.wav,661794,0.07209603488445282,0.000811590114608407,0.0025842130667934633,0.08496433620939675,99.38401442307692,2068.5882784767914
country.00038.wav,661794,0.09092727303504944,0.0009260313236154616,0.002022413216851061,0.12114926225348027,151.99908088235293,2859.9756020658756
country.00039.wav,661794,0.0963778868317604,0.0007614106289111078,0.0038961118281588057,0.21236722375290024,123.046875,3760.290663960851
country.00040.wav,661794,0.1090320348739624,0.0015146562363952398,0.0012847523719134927,0.10630558778035576,143.5546875,2449.9807307937476
country.00041.wav,661794,0.11330077797174454,0.0005872626788914204,0.002870199788994028,0.09586022090100542,129.19921875,2634.080774456828
country.00042.wav,661794,0.11770957708358765,0.0004930057330057025,0.0012745851608616627,0.08704434636020882,103.359375,2387.9167202300932
country.00043.wav,661794,0.09503626078367233,0.0014666245551779866,0.002220498373951494,0.13428527407192575,135.99917763157896,2530.388880021283
country.00044.wav,661794,0.11370022594928741,0.001412911806255579,0.0015374234030107663,0.06650367966937355,78.30255681818181,1729.6277598310405
country.00045.wav,661794,0.14664021134376526,0.0017763084033504128,0.003496464558555728,0.13297072880413766,78.30255681818181,2777.3828548885317
country.00046.wav,661794,0.10333164781332016,0.0011033812770619988,0.0022655356997169614,0.11588466139791183,78.30255681818181,2109.2888337081827
country.00047.wav,661794,0.09065406769514084,0.0009763256530277431,0.0016104768248319675,0.09410006706786543,151.99908088235293,1783.961051767401
country.00048.wav,661794,0.11693265289068222,0.002095168689265847,0.0011583254108737705,0.06396371084686775,117.45383522727273,1939.7642418435357
country.00049.wav,661794,0.14358699321746826,0.0016867931699380279,0.0007913153752761326,0.07579197481631864,112.34714673913044,1599.8152554101518
country.00050.wav,661794,0.10942716896533966,0.0009904415346682072,0.0021096159932702716,0.07894522186774942,117.45383522727273,1780.1519183147395
country.00051.wav,661794,0.09036240726709366,0.0008297401946038008,0.0018995170088361925,0.0592791563950116,64.599609375,1552.852535410727
country.00052.wav,661794,0.06952577829360962,0.0003918878501281142,0.0006240175875806086,0.03546288911446249,71.77734375,1115.4542649777077
country.00053.wav,661794,0.13358528912067413,0.0011248200898990035,0.0012386394345276315,0.10830818288379737,89.10290948275862,2271.8075701543466
country.00054.wav,661794,0.10432690382003784,0.0008986901375465095,0.000623486475919537,0.06018472363205723,75.99954044117646,1654.2022722845513
country.00055.wav,661794,0.15503330528736115,0.0014817955670878291,0.0005434171511462915,0.08111548663476412,129.19921875,1881.2994302088896
country.00056.wav,661794,0.13624371588230133,0.002027129055932164,0.001009902196831736,0.05492503202339521,80.74951171875,1468.4190609116015
country.00057.wav,661794,0.13015414774417877,0.0023612172808498144,0.0013840040058274285,0.07544530645784996,67.99958881578948,1741.7395076824598
country.00058.wav,661794,0.16389679908752441,0.002492866711691022,0.0010297396247459772,0.07328712599091261,112.34714673913044,1796.7771455357924
country.00059.wav,661794,0.14549367129802704,0.0023782001808285713,0.0009678131816358011,0.0525349840487239,135.99917763157896,1535.2795344590563
country.00060.wav,661794,0.14103147387504578,0.001713015721179545,0.001119742363480431,0.04291625882153906,69.83741554054055,1373.672817662343
country.00061.wav,661794,0.1072588562965393,0.001424208632670343,0.0007046563894854306,0.04858304028905646,60.09265988372093,1397.8216063370946
country.00062.wav,661794,0.13015125691890717,0.0014393441379070282,0.0015463645224876698,0.10233551757057231,172.265625,2166.471557095469
country.00063.wav,661794,0.13147667050361633,0.0024252349976450205,0.0012668592967692456,0.05825803303847641,83.35433467741936,1614.7481553933535
country.00064.wav,661794,0.08256956934928894,0.0010065779788419604,0.0006688776080231992,0.06007520966260634,66.25600961538461,1511.6510939715406
country.00065.wav,661794,0.11057024449110031,0.0038822500500828028,0.0004426005911336417,0.0386682497099768,123.046875,894.1632061211116
country.00066.wav,661794,0.13651323318481445,0.0014569901395589113,0.0007042673116938889,0.09890433161736273,112.34714673913044,1701.91907234896
country.00067.wav,661794,0.055435728281736374,0.0012308057630434632,0.0006060021378970946,0.035363948907579275,64.599609375,857.6385822973483
country.00068.wav,661794,0.08347783982753754,0.0016104822279885411,0.000521578232966541,0.050235945959010056,172.265625,1130.954293248005
country.00069.wav,661794,0.08719071745872498,0.0022039911709725857,0.0010119476439313542,0.06107367495649652,112.34714673913044,1327.6835009450767
country.00070.wav,661794,0.1443820297718048,0.0028042232152074575,0.0014294917737728628,0.09472278615622583,112.34714673913044,1934.7465391174637
country.00071.wav,661794,0.11841529607772827,0.003926525823771954,0.0008908871458448613,0.0605177971529389,143.5546875,1261.4725706259774
country.00072.wav,661794,0.15668953955173492,0.0023775766603648663,0.0005956089021607614,0.08226991492652745,151.99908088235293,1711.2823134696316
country.00073.wav,661794,0.09585826098918915,0.0014521031407639384,0.0008661407722117119,0.06973622994006187,151.99908088235293,1549.0049755952064
country.00074.wav,661794,0.08233685791492462,0.002955365227535367,0.0018256250219447956,0.07112819025522042,135.99917763157896,1534.025676589064
country.00075.wav,661794,0.17974109947681427,0.0028841509483754635,0.0014991972129052478,0.11371855060904873,95.703125,2187.086711351461
country.00076.wav,661794,0.12835285067558289,0.0027857220266014338,0.0016717034125554539,0.06649877042246713,143.5546875,1321.163087522188
country.00077.wav,661794,0.13149769604206085,0.00164289609529078,0.0005251275934470929,0.08782189554331013,184.5703125,1512.9985603792006
country.00078.wav,661794,0.043354980647563934,0.001088807824999094,0.0014537345285174283,0.049895697384957464,66.25600961538461,1144.7179186044264
country.00079.wav,661794,0.1153411865234375,0.001594259520061314,0.0006034431332914607,0.045760600952242846,80.74951171875,963.4905601645274
country.00080.wav,661794,0.15327343344688416,0.0021484470926225185,0.002113289332626974,0.08936113326566125,99.38401442307692,2049.045781101912
country.00081.wav,661794,0.16788698732852936,0.0032834645826369524,0.0023325653493567566,0.10104778434358082,89.10290948275862,2102.3281888392166
country.00082.wav,661794,0.1665889173746109,0.0023625658359378576,0.002183996779540893,0.10606314651005413,117.45383522727273,2253.352182532848
country.00083.wav,661794,0.13105827569961548,0.0018212589202448726,0.0008209676262804218,0.059544633362335654,143.5546875,1436.0750491855931
country.00084.wav,661794,0.18069547414779663,0.003431169781833887,0.0015284600099188218,0.0929928430732792,86.1328125,1964.8428801488071
country.00085.wav,661794,0.13549542427062988,0.0018853304209187627,0.001254110429015844,0.06926758567768755,73.828125,1596.3075160275193
country.00086.wav,661794,0.13363909721374512,0.001739993691444397,0.000904625846388053,0.07828473934164733,117.45383522727273,1879.4005199035505
country.00087.wav,661794,0.10862676799297333,0.002738164272159338,0.0013522913806879385,0.07395969281709204,143.5546875,1591.292872476854
country.00088.wav,661794,0.15268519520759583,0.0027178102172911167,0.0006933067932736209,0.06605051841647332,103.359375,1622.736351486978
country.00089.wav,661794,0.10469396412372589,0.002266841707751155,0.0012493666869284378,0.052491933729698376,143.5546875,1321.5949691094015
country.00090.wav,661794,0.14745135605335236,0.0023808209225535393,0.0017457438523752083,0.09899685203982986,135.99917763157896,1927.4143433799961
country.00091.wav,661794,0.08950489014387131,0.0017690731910988688,0.0013314175117870122,0.06473823895494973,117.45383522727273,1563.328275078701
country.00092.wav,661794,0.17653429508209229,0.0008969621267169714,0.001317560365262107,0.12120930611948956,161.4990234375,2335.07328909346
country.00093.wav,661794,0.09255199879407883,0.001750494702719152,0.0018853290049783095,0.06812788512664346,86.1328125,1537.6491944018826
country.00094.wav,661794,0.2067791372537613,0.0030229066032916307,0.000971113225597667,0.0629996102813225,112.34714673913044,1474.633907805747
country.00095.wav,661794,0.17533698678016663,0.004942800849676132,0.003441629652400002,0.0673669518561485,89.10290948275862,1557.6838950873705
country.00096.wav,661794,0.2181294560432434,0.003454584628343582,0.0020876028965845796,0.09741305346094355,117.45383522727273,1754.279131482533
country.00097.wav,661794,0.15314191579818726,0.0028504598885774612,0.002719341339874373,0.0671992821925754,112.34714673913044,1560.9704395228032
country.00098.wav,661794,0.17632217705249786,0.0036526648327708244,0.000959397841146775,0.06172207318252127,117.45383522727273,1425.0102958845055
country.00099.wav,661794,0.2208106964826584,0.004228109493851662,0.002901326894488749,0.10824587321152358,143.5546875,2157.4770613555174
disco.00000.wav,664180,0.14218389987945557,0.004136464558541775,0.0070256291429629586,0.09652545382318953,117.45383522727273,2297.869205004395
disco.00001.wav,666160,0.1772209256887436,0.002625603461638093,0.004372701970941694,0.1885523173483103,117.45383522727273,3292.625966945947
disco.00002.wav,661794,0.16132530570030212,0.002180437557399273,0.004513532217048151,0.153338438950116,92.28515625,3592.1012577762776
disco.00003.wav,668140,0.19636447727680206,0.0020787701942026615,0.0047238302869921775,0.1495607339559387,129.19921875,3045.7695051132
disco.00004.wav,661794,0.11459651589393616,0.0032003894448280334,0.005119949390194529,0.16901441959106728,123.046875,3328.4851237797516
disco.00005.wav,667920,0.20692092180252075,0.0028872706461697817,0.003816777371252153,0.1446281579262452,107.666015625,2722.7441876547605
disco.00006.wav,661676,0.19198645651340485,0.0021045540925115347,0.0013395603488824531,0.16364521401295437,123.046875,2848.3484036039818
disco.00007.wav,661794,0.1596560925245285,0.0048960126005113125,0.002857352444903581,0.1402915488447409,129.19921875,3098.981629103861
disco.00008.wav,665060,0.1905459761619568,0.005629845894873142,0.0031361834217439413,0.1643124669216705,123.046875,2801.6483406549696
disco.00009.wav,661794,0.11906226724386215,0.0018985579954460263,0.004729189484657598,0.1706677028953983,129.19921875,3016.96214464188
disco.00010.wav,661760,0.2329629808664322,0.0030191445257514715,0.003540322106315608,0.15030263619006187,107.666015625,2877.3249689743534
disco.00011.wav,661794,0.18895259499549866,0.0020642755553126335,0.005435385677894827,0.1309711547757154,95.703125,3132.8185749336876
disco.00012.wav,663520,0.17565947771072388,0.003688634606078267,0.0038752190319026607,0.1314991138599537,112.34714673913044,2737.426247323321
disco.00013.wav,661794,0.1708529144525528,0.002370739821344614,0.004842912194481354,0.1595289992991106,184.5703125,3391.3829790307273
disco.00014.wav,661344,0.17381517589092255,0.0011821008520200849,0.0027040532102413813,0.156306688999613,103.359375,3087.3869048697566
disco.00015.wav,661794,0.21597839891910553,0.0021129532251507044,0.0015579848774301814,0.09022704889307812,123.046875,2362.1999951747694
disco.00016.wav,667920,0.20577256381511688,0.0019383843755349517,0.0022360519398203914,0.11424808429118774,123.046875,2520.400966509234
disco.00017.wav,661794,0.11612890660762787,0.003510204376652837,0.004197172587979345,0.12072102486948956,123.046875,2564.319118061095
disco.00018.wav,661794,0.1388271003961563,0.0022793912794440985,0.002749819864874428,0.14358338771268367,123.046875,3042.884603420503
disco.00019.wav,661794,0.14705120027065277,0.003204012755304575,0.002789953214514918,0.10365534971964424,117.45383522727273,2117.530159147441
disco.00020.wav,661794,0.12458623945713043,0.0008378190104849637,0.002213899397512356,0.10326298760150812,161.4990234375,2116.9272745970575
disco.00021.wav,661794,0.11141668260097504,0.00202840194106102,0.0020228906275775262,0.12404534029389018,107.666015625,3248.6133322702376
disco.00022.wav,661794,0.13689042627811432,0.0042964378371834755,0.00832807977365597,0.17288668249709976,123.046875,3708.0462875354838
disco.00023.wav,661794,0.17825628817081451,0.00196259468793869,0.006583157659780504,0.15097822409126063,112.34714673913044,3167.5676546703503
disco.00024.wav,661794,0.14298009872436523,0.003954701125621796,0.0015118620889880297,0.12021650534126063,129.19921875,2624.5953730379574
disco.00025.wav,661794,0.10791545361280441,0.0034110858105123043,0.0025113285196117696,0.09966035564095127,123.046875,2410.1827466667305
disco.00026.wav,661794,0.14307959377765656,0.0015349965542554855,0.005534577197234422,0.13159576203596288,117.45383522727273,3043.4814904722807
disco.00027.wav,661794,0.115638867020607,0.00347606698051095,0.005515484660796228,0.10118297745069606,112.34714673913044,2908.392060756294
disco.00028.wav,661794,0.17258045077323914,0.0033736233599483967,0.01346371366976595,0.19837511480085074,123.046875,3715.2713510692956
disco.00029.wav,661794,0.1476060152053833,0.003181740641593933,0.002494769558825688,0.13853592662412992,103.359375,3074.942777552132
disco.00030.wav,661794,0.170026496052742,0.0046344539150595665,0.0059440167185475816,0.15077543443058777,135.99917763157896,3167.8337523397327
disco.00031.wav,661794,0.11577097326517105,0.0025086896494030952,0.0027882432241325603,0.17375184285576178,123.046875,3256.7740354745392
disco.00032.wav,661794,0.111073337495327,0.004401647485792637,0.00275458991609022,0.12325117519818252,112.34714673913044,2446.9190771478084
disco.00033.wav,661794,0.1570010632276535,0.0010288216872140765,0.0016637932179985099,0.1244871725154679,129.19921875,2450.0500752194566
disco.00034.wav,661794,0.12290351837873459,0.0020054650958627462,0.0032043932653675624,0.18081285044470224,129.19921875,3653.609029284893
disco.00035.wav,661794,0.15257477760314941,0.004421720281243324,0.0073258160936863085,0.17633637253480278,123.046875,3623.3629168535454
disco.00036.wav,661794,0.17313307523727417,0.0030215871520340443,0.0024924786983807627,0.16203007178074247,135.99917763157896,3347.8844806862858
disco.00037.wav,661794,0.1640261709690094,0.0036418787203729153,0.005141264238112139,0.19001126860982212,129.19921875,3637.1944590427943
disco.00038.wav,661794,0.11315402388572693,0.0018861287971958518,0.005637270045632598,0.16820212804524362,123.046875,3353.2726037165066
disco.00039.wav,661794,0.12433073669672012,0.0012997377198189497,0.0007954500372116366,0.10115843121616395,112.34714673913044,2327.861966296338
disco.00040.wav,661794,0.145182266831398,0.005706570111215115,0.0024273133905923215,0.1264267026778809,135.99917763157896,2606.215651844842
disco.00041.wav,661794,0.1754993498325348,0.00342796603217721,0.0013331213808754677,0.05384424243522815,161.4990234375,1776.08433338699
disco.00042.wav,661794,0.1360112875699997,0.001905697165057063,0.0016111016879510052,0.12164094221287702,103.359375,2403.569442471179
disco.00043.wav,661794,0.17371821403503418,0.0024358220398426056,0.005237752508271647,0.1347388129592034,129.19921875,2874.940334521945
disco.00044.wav,661794,0.1489730328321457,0.0029705753549933434,0.001631293957820726,0.10958987396075019,123.046875,2329.9901338015047
disco.00045.wav,661794,0.13548173010349274,0.002825613133609295,0.004336851866243077,0.10971902491782676,123.046875,2248.0037505885975
disco.00046.wav,661504,0.11305863410234451,0.003015462774783373,0.002289071472681703,0.11419814626836813,123.046875,2259.5655416138134
disco.00047.wav,661504,0.04700716957449913,0.0010746166808530688,0.002808132910361682,0.08700922636310905,123.046875,1710.8693138583706
disco.00048.wav,661504,0.11231517046689987,0.0016673540230840445,0.0033193964008791407,0.15433765951276102,99.38401442307692,2617.358915163895
disco.00049.wav,661504,0.20955540239810944,0.007213246077299118,0.0054238293210201695,0.13527580904389017,123.046875,2396.997938613417
disco.00050.wav,661504,0.15902657806873322,0.0017863408429548144,0.0013028778018138517,0.12873971323955916,107.666015625,2375.876794890427
disco.00051.wav,661504,0.1063893735408783,0.0012399647384881973,0.0017800382463059401,0.15762987601508122,107.666015625,2650.631198195173
disco.00052.wav,661504,0.12536585330963135,0.002006716327741742,0.0026735134613512456,0.16977497522718485,123.046875,2590.6506858720963
disco.00053.wav,661504,0.1726531684398651,0.0053315190598368645,0.009904541076811699,0.15421266253383603,135.99917763157896,3078.378082558208
disco.00054.wav,661504,0.05218472331762314,0.0006648977869190276,0.005568245799384623,0.11460297032095901,112.34714673913044,2565.316235691943
disco.00055.wav,661504,0.12153291702270508,0.0018546786159276962,0.0017440055295460902,0.11039008120649652,129.19921875,2107.895519705964
disco.00056.wav,661504,0.0762133076786995,0.0008827754645608366,0.001409034316856178,0.07692752138921113,89.10290948275862,1754.6271048849226
disco.00057.wav,661504,0.07621382176876068,0.0005359622882679105,0.000567057175775645,0.0924305454853055,117.45383522727273,1937.5225305675287
disco.00058.wav,661504,0.12225483357906342,0.002316454891115427,0.0036325645309988014,0.11094558137567673,129.19921875,2217.982601779682
disco.00059.wav,661504,0.11694667488336563,0.002862323308363557,0.004756290610703382,0.11017558488012374,123.046875,2279.9197396429095
disco.00060.wav,661504,0.11452680826187134,0.0016605306882411242,0.001697839103425914,0.09297320608565351,129.19921875,1974.340405198489
disco.00061.wav,661504,0.1844530701637268,0.009711661376059055,0.002542877999519632,0.11583368075696056,123.046875,2549.0149773560206
disco.00062.wav,661504,0.1511131078004837,0.008460143581032753,0.003857930040108707,0.12762833526682135,107.666015625,2387.4656343313104
disco.00063.wav,661504,0.29400360584259033,0.012267488054931164,0.003374739973095984,0.0997170007975638,129.19921875,2583.568497339002
disco.00064.wav,661504,0.09224250912666321,0.0009668948478065431,0.0013407032930244807,0.0648764531370843,123.046875,2144.753940827811
disco.00065.wav,661504,0.18538938462734222,0.0055515943095088005,0.002016740210040765,0.07361868897428461,129.19921875,1886.6373150859442
disco.00066.wav,661504,0.16972334682941437,0.003921789117157459,0.003986294772857221,0.13856991371809746,135.99917763157896,2492.4893174259964
disco.00067.wav,661504,0.09138630330562592,0.000942462997045368,0.0028102931675165073,0.14323520881670534,99.38401442307692,2541.8124069989076
disco.00068.wav,661504,0.10683690756559372,0.0016827882500365376,0.005534715762313697,0.1626135168938515,107.666015625,2955.968199644237
disco.00069.wav,661504,0.11163138598203659,0.0017306957161054015,0.0012792508694291168,0.0836037195475638,107.666015625,1931.0820693571793
disco.00070.wav,661504,0.11105837672948837,0.001389530603773892,0.0015134063363964772,0.13458360523008508,107.666015625,2449.2339522954258
disco.00071.wav,661504,0.09815234690904617,0.0015628376277163625,0.004670947229073614,0.155900310566512,112.34714673913044,2808.912510129241
disco.00072.wav,661504,0.0845455527305603,0.001582832308486104,0.005948421448707193,0.18406730350928074,135.99917763157896,2902.7590094113057
disco.00073.wav,661504,0.09555700421333313,0.0017257645959034562,0.004515645502926819,0.17634505812548337,112.34714673913044,2847.326966502497
disco.00074.wav,661504,0.1776878833770752,0.004821268375962973,0.0029568815777596385,0.15107338795436967,112.34714673913044,2648.735088173792
disco.00075.wav,661504,0.11097719520330429,0.0012834349181503057,0.0018727491932614393,0.12989565206883216,135.99917763157896,2690.414589129393
disco.00076.wav,661504,0.12428039312362671,0.0026289268862456083,0.0016081443380483427,0.12186072542053364,129.19921875,2251.4537288846423
disco.00077.wav,661504,0.2067382037639618,0.0049814507365226746,0.002864365654280953,0.11758099502126837,117.45383522727273,2309.203495549848
disco.00078.wav,661504,0.06823889911174774,0.0014225996565073729,0.0021580766120074288,0.09612456496519721,129.19921875,2218.6638194730544
disco.00079.wav,661504,0.08479651063680649,0.001774147734977305,0.0029010117907457165,0.09976307219160867,123.046875,2292.2755481579
disco.00080.wav,661504,0.05924209952354431,0.0010418094461783767,0.0024308778164379473,0.08474190956109823,99.38401442307692,2144.366952477486
disco.00081.wav,661504,0.0787653997540474,0.0023062117397785187,0.004600688270328641,0.11640202049497293,86.1328125,2292.713829353857
disco.00082.wav,661504,0.18100903928279877,0.00735086714848876,0.006007298136388428,0.1381975662219644,123.046875,2577.110522619017
disco.00083.wav,661504,0.0875905379652977,0.0010862135095521808,0.0029298678796601694,0.08998536289153132,117.45383522727273,1959.0059614673164
disco.00084.wav,661504,0.0620131716132164,0.0023172730579972267,0.006719794812698908,0.15141816814095127,112.34714673913044,2455.0657634698086
disco.00085.wav,661504,0.08922863006591797,0.0030345984268933535,0.00959489825352795,0.1586842311968291,123.046875,3004.2729317540643
disco.00086.wav,661504,0.16536690294742584,0.0029035552870482206,0.0021096149376879057,0.09446561714520495,123.046875,1867.6993341872776
disco.00087.wav,661504,0.11929951608181,0.0008555312524549663,0.0024959718029667426,0.1002388915071539,107.666015625,2139.6395387037146
disco.00088.wav,661504,0.11905661225318909,0.002939673140645027,0.0014391440377490244,0.13140618957849962,123.046875,2238.58818835185
disco.00089.wav,661504,0.10038316994905472,0.0010081148939207196,0.0016580691176932148,0.11182509184068058,129.19921875,2128.799104906264
disco.00090.wav,661504,0.09066109359264374,0.002878556028008461,0.004203579946984526,0.14611353804137664,129.19921875,2574.4543432000123
disco.00091.wav,661504,0.1737753301858902,0.010300480760633945,0.0030485634060645984,0.09160579200502707,99.38401442307692,2038.1503574198655
disco.00092.wav,661504,0.10671190917491913,0.0013779227156192064,0.0024372274310091443,0.11746997051430781,117.45383522727273,2457.290748385778
disco.00093.wav,661504,0.15335850417613983,0.003621381241828203,0.003767086580930932,0.13702236803944315,107.666015625,2460.6304129361993
disco.00094.wav,661504,0.09939363598823547,0.0009344276040792465,0.0012106153207804946,0.09355627356438515,135.99917763157896,2207.386073293734
disco.00095.wav,661504,0.09845840930938721,0.002790509257465601,0.0044534786702562015,0.11803151283352668,123.046875,2486.6760856755177
disco.00096.wav,661504,0.09201522916555405,0.0016722417203709483,0.0033782969619488555,0.13436042331303172,103.359375,2481.4665125023575
disco.00097.wav,661504,0.1081843450665474,0.002240776550024748,0.002284159146304114,0.12045063865525908,129.19921875,2825.8911954514483
disco.00098.wav,661504,0.12267805635929108,0.0015547996154055,0.0026906185623706805,0.11256940919856923,123.046875,2417.7573626947355
disco.00099.wav,661504,0.12267805635929108,0.0015547996154055,0.0026906185623706805,0.11256940919856923,123.046875,2417.7573626947355
hiphop.00000.wav,661504,0.12527473270893097,0.0024647959508001804,0.00289120224100405,0.147308750845901,117.45383522727273,2667.940502391169
hiphop.00001.wav,661504,0.28552132844924927,0.006890631280839443,0.005135064025381089,0.09770647537219644,92.28515625,2808.849566572306
hiphop.00002.wav,661504,0.09351594001054764,0.0011223930632695556,0.0024811409677019387,0.05871157192575406,99.38401442307692,1490.1565469614682
hiphop.00003.wav,661504,0.26641845703125,0.013459510169923306,0.002283423218579105,0.10350127489365817,92.28515625,2492.8602336717045
hiphop.00004.wav,661504,0.20070955157279968,0.015462000854313374,0.00612396932562926,0.0998514386359242,95.703125,2372.0679525654414
hiphop.00005.wav,661504,0.26172012090682983,0.005379508249461651,0.0026125497393062083,0.12458309164733179,71.77734375,2709.3043323151933
hiphop.00006.wav,661504,0.27087855339050293,0.016167476773262024,0.00934216763750142,0.12817024059841453,99.38401442307692,2858.0725271560427
hiphop.00007.wav,661504,0.26399922370910645,0.009427987039089203,0.0025502613925913243,0.07863669458139985,123.046875,2046.5915966338584
hiphop.00008.wav,661794,0.14183025062084198,0.007849697023630142,0.010164961345407189,0.17704972387374324,172.265625,3070.761702482193
hiphop.00009.wav,661794,0.21579532325267792,0.009967290796339512,0.007401237535857475,0.09830917983855375,103.359375,2200.0376855218474
hiphop.00010.wav,661794,0.17167040705680847,0.005869997665286064,0.0024029117354776113,0.12542634921210363,95.703125,2284.243390096508
hiphop.00011.wav,661794,0.20377349853515625,0.006599364336580038,0.003422177139843083,0.09415142534319412,135.99917763157896,2095.4208239067048
hiphop.00012.wav,661794,0.19892443716526031,0.0041654366068542,0.0011226358179928003,0.08725355580529776,99.38401442307692,1976.886423508229
hiphop.00013.wav,661794,0.13673341274261475,0.001055297558195889,0.0014095017849721952,0.09662455288089714,103.359375,1798.6451959001313
hiphop.00014.wav,661794,0.18522368371486664,0.0037482634652405977,0.0020391585462512475,0.1338294693783836,135.99917763157896,2436.4138649263323
hiphop.00015.wav,661794,0.1401759386062622,0.004063689615577459,0.002519392780422265,0.11600965837683681,198.76802884615384,2397.1856954878676
hiphop.00016.wav,661794,0.20785830914974213,0.011224891059100628,0.0055640662682107985,0.11039989970030936,99.38401442307692,2432.409998203846
hiphop.00017.wav,661794,0.1914510279893875,0.005085725337266922,0.0017959915595080127,0.08037456798627224,99.38401442307692,2145.0060165180594
hiphop.00018.wav,661794,0.16553622484207153,0.007140385452657938,0.01062507865136506,0.14572457463263727,143.5546875,2677.0161578799484
hiphop.00019.wav,661794,0.22592902183532715,0.011801856569945812,0.0032102783158864125,0.10013617495649652,99.38401442307692,2470.2744719993443
hiphop.00020.wav,661794,0.1759265661239624,0.0056588491424918175,0.0057515089184054695,0.1080872667730085,117.45383522727273,2678.321538899097
hiphop.00021.wav,661794,0.24194037914276123,0.005361717194318771,0.004081600101971847,0.11971916086620263,99.38401442307692,2406.1751237017716
hiphop.00022.wav,661794,0.17357635498046875,0.006258134730160236,0.002545449552464028,0.07539659162316319,99.38401442307692,2025.565005791413
hiphop.00023.wav,661794,0.19057682156562805,0.0031082811765372753,0.0012994837034952156,0.10665716538573086,92.28515625,2240.3022291407915
hiphop.00024.wav,661794,0.17862164974212646,0.007639372255653143,0.0031231450858311273,0.13885955928557617,103.359375,2517.9260002973833
hiphop.00025.wav,661794,0.25165867805480957,0.007322101388126612,0.004583549047844538,0.10742489607501933,107.666015625,2305.4230896584504
hiphop.00026.wav,669680,0.16458432376384735,0.006286348216235638,0.011691554592207557,0.17268506904625383,103.359375,3460.3049822215926
hiphop.00027.wav,664400,0.1350645124912262,0.001792851835489273,0.007402318998746052,0.10254357665639445,92.28515625,2639.5729778074538
hiphop.00028.wav,661676,0.1545766144990921,0.0012499107979238033,0.004371286304950818,0.11452140129543696,92.28515625,2773.9565665279183
hiphop.00029.wav,669240,0.16672281920909882,0.0030587930232286453,0.006041513436357604,0.11533292717889908,123.046875,3127.0197356744848
hiphop.00030.wav,661760,0.19397741556167603,0.0008604142931289971,0.0023057930892697084,0.172685781008314,89.10290948275862,3725.1985989619184
hiphop.00031.wav,661408,0.21313008666038513,0.0035799855832010508,0.006458001940550383,0.13644361938854488,99.38401442307692,3084.76186419123
hiphop.00032.wav,660000,0.1345447599887848,0.00521361967548728,0.004384389986005313,0.07872191436531008,99.38401442307692,2145.7496112926738
hiphop.00033.wav,665280,0.21418464183807373,0.0030842190608382225,0.007748288468355258,0.15281550480769232,95.703125,2987.7222487370273
hiphop.00034.wav,667700,0.22757405042648315,0.0027988790534436703,0.0032391507031187105,0.1693078753591954,198.76802884615384,3191.7829624873807
hiphop.00035.wav,668140,0.19201608002185822,0.008478298783302307,0.0089503125474803,0.103432186901341,143.5546875,2827.1825932500647
hiphop.00036.wav,675808,0.08997391164302826,0.004079800099134445,0.010135868933356279,0.12188535748106061,117.45383522727273,2967.125657791614
hiphop.00037.wav,675808,0.15857885777950287,0.016957180574536324,0.01469534115303099,0.21422600023674243,143.5546875,3785.4039493748483
hiphop.00038.wav,675808,0.2698596119880676,0.01904088258743286,0.00263385876356406,0.09738436612215909,184.5703125,2208.645680679573
hiphop.00039.wav,675808,0.18453459441661835,0.009066018275916576,0.01101715196249023,0.11156375769412878,184.5703125,2693.20292794237
hiphop.00040.wav,675808,0.1308528035879135,0.010722310282289982,0.013559834643500565,0.10350008877840909,80.74951171875,2457.1937786717695
hiphop.00041.wav,675808,0.1869395673274994,0.01142982579767704,0.004510460135803187,0.11936627012310606,92.28515625,2702.621719517881
hiphop.00042.wav,675808,0.2491888403892517,0.008250614628195763,0.005657281801172962,0.10171046401515152,92.28515625,2896.9424469472465
hiphop.00043.wav,675808,0.13637091219425201,0.00795402005314827,0.0015538976539210291,0.061756110913825754,89.10290948275862,1846.294039564573
hiphop.00044.wav,675808,0.039177339524030685,0.0010786086786538363,0.008706876272121846,0.1407455906723485,117.45383522727273,2507.1361007509568
hiphop.00045.wav,675808,0.18453459441661835,0.009066018275916576,0.01101715196249023,0.11156375769412878,184.5703125,2693.20292794237
hiphop.00046.wav,661794,0.22815224528312683,0.01797615736722946,0.004036124325909841,0.09147097653228925,95.703125,2306.784654638456
hiphop.00047.wav,661794,0.24709348380565643,0.01460666861385107,0.00922898193303071,0.10929758495262955,95.703125,3235.5740417629454
hiphop.00048.wav,661794,0.23033204674720764,0.012425391003489494,0.002390140119510666,0.07751058886794276,95.703125,2345.2702381605814
hiphop.00049.wav,661794,0.288833886384964,0.005938430316746235,0.0034151543264059974,0.10873717553654293,129.19921875,3085.4703658967655
hiphop.00050.wav,661794,0.27379220724105835,0.010570738464593887,0.0009610985417768408,0.04243024337780356,99.38401442307692,1683.2948876609742
hiphop.00051.wav,661794,0.24405567348003387,0.007578802760690451,0.0075101878106347405,0.09950325973994587,103.359375,2500.421635269264
hiphop.00052.wav,661794,0.11002793163061142,0.0016172658652067184,0.004231745917767616,0.08233033642691415,103.359375,2595.6215203861184
hiphop.00053.wav,661794,0.10896816849708557,0.0013974691973999143,0.004924377786907115,0.10707709481341841,107.666015625,3079.127910757477
hiphop.00054.wav,661794,0.12421897053718567,0.0018591631669551134,0.0059896990425017125,0.1262363749516628,112.34714673913044,3258.4154378242924
hiphop.00055.wav,661794,0.1337987184524536,0.004907974507659674,0.0030060246075363766,0.0724604843387471,107.666015625,1734.6325446299302
hiphop.00056.wav,661794,0.16663971543312073,0.0017421257216483355,0.0011052806722996462,0.07014558560518175,99.38401442307692,2355.7292443702736
hiphop.00057.wav,661794,0.22477704286575317,0.004103196784853935,0.0014842571583784082,0.051442110160479504,89.10290948275862,1811.1898818692061
hiphop.00058.wav,661794,0.13045278191566467,0.004409029148519039,0.009366214401318379,0.13613681542440062,172.265625,2677.808848150028
hiphop.00059.wav,661794,0.15129972994327545,0.002687836764380336,0.0019482218264712885,0.06298488254060325,92.28515625,1948.9375300178885
hiphop.00060.wav,661794,0.18031378090381622,0.003931040875613689,0.0021889223878313723,0.053872942647911835,184.5703125,1716.9407789906875
hiphop.00061.wav,661794,0.1556059718132019,0.003202920313924551,0.0014795726966101632,0.0673042645494973,184.5703125,1811.362843685168
hiphop.00062.wav,661794,0.19086264073848724,0.02119508571922779,0.009790532609347364,0.1095162352571539,92.28515625,2449.0569723690833
hiphop.00063.wav,661794,0.18608810007572174,0.017393270507454872,0.007330745416052326,0.1221979529195669,92.28515625,2670.9590496633355
hiphop.00064.wav,661794,0.23605535924434662,0.014144733548164368,0.003610842859469814,0.07979187814191802,86.1328125,2429.6681661867387
hiphop.00065.wav,661794,0.2071487009525299,0.018865929916501045,0.009083506214127249,0.0885514851604795,95.703125,2446.855385943406
hiphop.00066.wav,661794,0.18977373838424683,0.015069694258272648,0.003513511856101581,0.07937459215487239,92.28515625,2244.6928416770315
hiphop.00067.wav,661794,0.2180105745792389,0.019331907853484154,0.009732325548208558,0.12687080070572312,95.703125,3053.718062123279
hiphop.00068.wav,661794,0.22884388267993927,0.011973311193287373,0.0030089207268166576,0.0956740471529389,95.703125,2544.7837861316216
hiphop.00069.wav,661794,0.2719387710094452,0.0068731424398720264,0.007070168073891623,0.12088227474864656,129.19921875,3297.406172657966
hiphop.00070.wav,661794,0.27894681692123413,0.005572972819209099,0.003066996462214641,0.06922378008990719,95.703125,2500.6052835487426
hiphop.00071.wav,661794,0.24703238904476166,0.008198239840567112,0.009957962515397439,0.1075113743474478,95.703125,3184.9217868977203
hiphop.00072.wav,661794,0.2528899312019348,0.013661138713359833,0.0018696147382571428,0.051527455529775716,99.38401442307692,1821.5197612413365
hiphop.00073.wav,661794,0.30040696263313293,0.013967580161988735,0.009280297870122953,0.08562104239172467,92.28515625,2566.8514348864305
hiphop.00074.wav,661794,0.20837217569351196,0.010392716154456139,0.0047002783728349465,0.11074241408062645,99.38401442307692,2774.6105233551893
hiphop.00075.wav,661794,0.19164595007896423,0.014994539320468903,0.01687126595237589,0.14681442744586234,92.28515625,3140.810674260539
hiphop.00076.wav,661504,0.23719951510429382,0.027679478749632835,0.00822679478178431,0.09665249782482599,95.703125,2327.6845787701927
hiphop.00077.wav,661504,0.2386341094970703,0.007232083473354578,0.0063016357629192415,0.1376235619682908,117.45383522727273,2987.6246315223584
hiphop.00078.wav,661504,0.23719951510429382,0.027679478749632835,0.00822679478178431,0.09665249782482599,95.703125,2327.6845787701927
hiphop.00079.wav,661504,0.15483993291854858,0.004737831652164459,0.00981950427155356,0.17229266362142304,103.359375,3211.823402843967
hiphop.00080.wav,661504,0.14142315089702606,0.0006489009829238057,0.007261825948261892,0.15493130075406034,95.703125,3377.753402234906
hiphop.00081.wav,661794,0.08646377176046371,0.0034257962834089994,0.0011617797914734297,0.05182163270978345,103.359375,1470.3116285520296
hiphop.00082.wav,661794,0.1023021712899208,0.002131258137524128,0.004862582053472399,0.11330995021268368,107.666015625,2291.140721366169
hiphop.00083.wav,661794,0.11067099124193192,0.002707849722355604,0.0035376168828742055,0.11083682267498067,103.359375,2367.6617218034994
hiphop.00084.wav,661794,0.06589330732822418,0.00200602225959301,0.005004467846272855,0.10510961970707657,112.34714673913044,2044.0534128740003
hiphop.00085.wav,661794,0.10624490678310394,0.0019447761587798595,0.004687894745706971,0.12721671379543698,112.34714673913044,2607.8277416961105
hiphop.00086.wav,661794,0.07907072454690933,0.0018015842651948333,0.002937418809140497,0.07984399168600155,99.38401442307692,2083.4322502978594
hiphop.00087.wav,661794,0.10803986340761185,0.0027384378481656313,0.005562227928881227,0.08777506888051044,135.99917763157896,2473.157340416126
hiphop.00088.wav,661794,0.11856194585561752,0.0017570811323821545,0.003140258586730663,0.14988572783739365,117.45383522727273,2694.8775197799505
hiphop.00089.wav,661794,0.12075090408325195,0.001954643754288554,0.003453093160808795,0.11757230943058777,123.046875,2669.979675748535
hiphop.00090.wav,661794,0.10922281444072723,0.0017909881426021457,0.0022997861379544463,0.10443931868716164,151.99908088235293,2272.772901637457
hiphop.00091.wav,661794,0.11360259354114532,0.0018786019645631313,0.004135411522196877,0.1385510319992266,103.359375,2628.9524146517037
hiphop.00092.wav,661794,0.12263145297765732,0.001586400205269456,0.0015329120379262765,0.07259227873646558,112.34714673913044,2329.947060659082
hiphop.00093.wav,661794,0.06725071370601654,0.0019546551629900932,0.005553373462135054,0.15213151947989173,117.45383522727273,3185.47779595642
hiphop.00094.wav,661794,0.11076953262090683,0.0013310178183019161,0.0009646239364591103,0.05418184756863882,151.99908088235293,1929.734081365856
hiphop.00095.wav,661794,0.10346776247024536,0.0017900317907333374,0.002893470293054973,0.1575562373114849,112.34714673913044,2735.7751414418676
hiphop.00096.wav,661794,0.11082860082387924,0.0013774941908195615,0.0009149064887636247,0.08311732646945089,107.666015625,1752.6267888161806
hiphop.00097.wav,661794,0.1184973493218422,0.0017410966102033854,0.004182315717678198,0.11600512676430781,151.99908088235293,2582.20395396858
hiphop.00098.wav,661794,0.11911093443632126,0.002180208684876561,0.0036066085153063595,0.10070602523201856,107.666015625,2538.7473882073596
hiphop.00099.wav,661504,0.15369103848934174,0.014910607598721981,0.004365468471726561,0.10151491806844548,107.666015625,1962.680819465492
jazz.00000.wav,661794,0.04674655199050903,0.0015424636658281088,0.0024458517642570988,0.07841653373936582,123.046875,1503.8694855583212
jazz.00001.wav,661794,0.02279501035809517,0.0002387827989878133,0.0010742266412839172,0.059293884135730855,135.99917763157896,1266.5828637839497
jazz.00002.wav,661794,0.08084715157747269,0.000991637585684657,0.0009271213764442144,0.05785736296403712,151.99908088235293,1064.6686670420765
jazz.00003.wav,661794,0.05946718156337738,0.0012979308376088738,0.00020913035427532988,0.044649978248259864,92.28515625,813.063333673506
jazz.00004.wav,661794,0.10877612978219986,0.0021768631413578987,0.0005222274922739694,0.04775035648685228,64.599609375,1039.2631062071569
jazz.00005.wav,661794,0.10756512731313705,0.002234847517684102,0.000906713825670627,0.057875111779775716,107.666015625,1268.3253083918871
jazz.00006.wav,661794,0.09862466156482697,0.0013628778979182243,0.0006949413301949512,0.048039624419953596,135.99917763157896,1219.4930134424178
jazz.00007.wav,661794,0.09382712841033936,0.0022414701525121927,0.00070711567449989,0.06482660539926527,61.5234375,1169.7404087068087
jazz.00008.wav,661794,0.11854953318834305,0.0014055731007829309,0.0006638851597781616,0.04626700865235885,107.666015625,1304.5886176531867
jazz.00009.wav,661794,0.08535753935575485,0.0007381396135315299,0.00013657724113224615,0.03168654534029389,107.666015625,749.3539040730334
jazz.00010.wav,661794,0.06417053937911987,0.00165014888625592,0.0004560738122840374,0.03306037920533643,112.34714673913044,829.4674018361079
jazz.00011.wav,661794,0.0712074339389801,0.0010235400404781103,0.0007207446968693945,0.0768886250483372,99.38401442307692,1825.6736569095451
jazz.00012.wav,661794,0.0375516451895237,0.00027477057301439345,0.0004694094857186538,0.06368954828886311,112.34714673913044,1650.8523538026793
jazz.00013.wav,661794,0.0554824024438858,0.0003099289315287024,0.0003194084261738469,0.06107594076276102,99.38401442307692,1789.9827260904644
jazz.00014.wav,661794,0.039326708763837814,0.0010231784544885159,0.001158129426220904,0.06491837055297757,129.19921875,1171.5565678358992
jazz.00015.wav,661794,0.06239524111151695,0.0006223832606337965,0.0006413494143441121,0.07355637930201082,117.45383522727273,1782.2239999032217
jazz.00016.wav,661794,0.060560356825590134,0.0012759488308802247,0.0012247292570392023,0.06984498864075793,73.828125,1465.857446498189
jazz.00017.wav,661794,0.04986221715807915,0.0009391348576173186,0.0016368935059668242,0.08414373670726992,215.33203125,1934.1648175694993
jazz.00018.wav,661794,0.05226358398795128,0.0003164726949762553,0.0006712850405843578,0.08770822759570766,103.359375,1993.3527659883687
jazz.00019.wav,661794,0.0502115897834301,0.0002714256406761706,0.0003888727088014561,0.05545069907675947,184.5703125,1352.8036058269497
jazz.00020.wav,661794,0.027119724079966545,0.00027967142523266375,0.0005079188180391094,0.03296332717034029,107.666015625,1171.224447700379
jazz.00021.wav,661794,0.04797696694731712,0.00041107492870651186,0.007393345761369681,0.18137212695765662,123.046875,2915.0177020585525
jazz.00022.wav,661794,0.050506509840488434,0.0007362090400420129,0.0006286968604242439,0.051224215124709975,129.19921875,1451.871047146894
jazz.00023.wav,661794,0.08780123293399811,0.0008856363128870726,0.0009324232908637791,0.08013779123163187,86.1328125,1988.66227247294
jazz.00024.wav,661794,0.05886516347527504,0.0008351056021638215,0.0026010092883265437,0.09322282240912606,103.359375,2034.4791911403086
jazz.00025.wav,661794,0.0693780854344368,0.001450437936000526,0.0007366832267844692,0.06359853840390564,103.359375,1697.83624497918
jazz.00026.wav,661794,0.03196602687239647,0.00031545484671369195,0.0029478037168710223,0.05861036591260634,151.99908088235293,1367.327324534305
jazz.00027.wav,661794,0.040617816150188446,0.0002508328761905432,0.0006750044028758599,0.06268088686678268,143.5546875,1769.3925049758589
jazz.00028.wav,661794,0.04876205697655678,0.0006084059132263064,0.0005657209402702073,0.07490491166376644,99.38401442307692,1854.0264978659407
jazz.00029.wav,661794,0.036342669278383255,0.00017326991655863822,0.0010211578117019298,0.09937373114849188,112.34714673913044,2235.3435388941803
jazz.00030.wav,661794,0.029597947373986244,0.0001760742743499577,0.0028370838445353364,0.08464938913863108,215.33203125,1687.8695513922864
jazz.00031.wav,661794,0.04359786957502365,0.0001682475267443806,0.0009019905167029886,0.07237627187258314,112.34714673913044,1752.7591105362628
jazz.00032.wav,661794,0.04053167626261711,0.0005689936806447804,0.001162461703100764,0.061381069339713844,129.19921875,1521.904428660079
jazz.00033.wav,661794,0.06979430466890335,0.001863948185928166,0.00041780972731349957,0.04233319134280743,95.703125,1169.1448171797706
jazz.00034.wav,661794,0.13007262349128723,0.0015934190014377236,0.002250989495776937,0.07934929065158546,95.703125,1759.4867450719503
jazz.00035.wav,661794,0.09149165451526642,0.0012311807367950678,0.00013211194262051931,0.037725674303944315,71.77734375,844.084418057831
jazz.00036.wav,661794,0.08055911213159561,0.0011653159745037556,0.003196601339673539,0.09950288210556844,123.046875,1481.5685870584466
jazz.00037.wav,661794,0.10663720965385437,0.0020691105164587498,0.00041510432418636586,0.05150064348897912,95.703125,1276.1951764985067
jazz.00038.wav,661794,0.09779998660087585,0.0011415343033149838,0.0005647059674501437,0.06639416569992267,151.99908088235293,1554.62361446986
jazz.00039.wav,661794,0.08227230608463287,0.00159681704826653,0.0011431602800037863,0.07648568916763342,99.38401442307692,1310.9313477916075
jazz.00040.wav,661794,0.1380760669708252,0.001296830247156322,0.0006019426732991472,0.054847239341647334,99.38401442307692,1316.853502123741
jazz.00041.wav,661794,0.0782661959528923,0.0016702406574040651,0.002149514233829088,0.10058782567188708,95.703125,1617.4430355139355
jazz.00042.wav,661794,0.09951893240213394,0.003935390617698431,0.0008595647824262294,0.061185832366589324,73.828125,1344.255958961266
jazz.00043.wav,661794,0.11176535487174988,0.0014397775521501899,0.000833821409965209,0.08571960496423048,151.99908088235293,1761.3227471160715
jazz.00044.wav,661794,0.08651376515626907,0.0013452336424961686,0.0005498047144882264,0.04966836148975251,103.359375,1004.6109540451954
jazz.00045.wav,661794,0.10035652667284012,0.0012458681594580412,0.0002110699251231558,0.042621704007153906,73.828125,937.421761556774
jazz.00046.wav,661794,0.11050824820995331,0.003490706207230687,0.0004181807110371462,0.05863604505027069,107.666015625,1295.1814266977444
jazz.00047.wav,661794,0.05391008034348488,0.0005568116903305054,0.0019449513476573407,0.09353588130800464,69.83741554054055,1981.662203208472
jazz.00048.wav,661794,0.058675967156887054,0.00039892393397167325,0.0006543605548130507,0.07930246398878577,129.19921875,1748.4005518696765
jazz.00049.wav,661676,0.18435905873775482,0.008205142803490162,0.0019381040338441425,0.06476844970514307,184.5703125,2049.640520145851
jazz.00050.wav,669240,0.1905163824558258,0.0007828340749256313,0.0008190122864896078,0.08126299096903669,151.99908088235293,2485.940907807433
jazz.00051.wav,661794,0.06979591399431229,0.0018639009213075042,0.0004140296369492321,0.042435530259087396,95.703125,1193.2662134636287
jazz.00052.wav,665940,0.1884319931268692,0.0045707435347139835,0.001972205084459097,0.07725502618178325,107.666015625,2289.574755840761
jazz.00053.wav,661794,0.13009575009346008,0.0015950718661770225,0.002281795253021651,0.07952338009957463,95.703125,1804.5907529649999
jazz.00054.wav,662112,0.16239400207996368,0.0027472611982375383,0.0006172868127881358,0.06482669411707882,161.4990234375,1670.233116562232
jazz.00055.wav,661794,0.09149087220430374,0.0012311351019889116,0.00013126990476705288,0.03777854311678268,71.77734375,871.4359865873053
jazz.00056.wav,665280,0.19836749136447906,0.002144945552572608,0.0019185137431297075,0.11474045973557692,123.046875,2976.3467583667048
jazz.00057.wav,661794,0.07813578844070435,0.0022830383386462927,0.0013251448717308172,0.06185877682714617,95.703125,1378.5242743547162
jazz.00058.wav,661794,0.08056202530860901,0.0011652777902781963,0.003184420982171352,0.099600311774942,123.046875,1545.494758082446
jazz.00059.wav,672100,0.182438462972641,0.0049105617217719555,0.0007262874419036438,0.03801713930407464,107.666015625,1391.4736421751793
jazz.00060.wav,661794,0.10665149241685867,0.0020689871162176132,0.0004330011422129113,0.05241074233855375,95.703125,1427.4008895726513
jazz.00061.wav,666820,0.23188979923725128,0.0014586459146812558,0.001129150682151886,0.09425926647640061,172.265625,2454.9053024959994
jazz.00062.wav,661794,0.09782096743583679,0.001141427899710834,0.0005776788451261377,0.06751573980085074,151.99908088235293,1725.4169334350547
jazz.00063.wav,669240,0.16254478693008423,0.001521462108939886,0.0009700703959154699,0.09874629682721713,123.046875,2481.389015092891
jazz.00064.wav,661980,0.2121071219444275,0.0020887204445898533,0.00021962641930684516,0.055842305926140756,99.38401442307692,1574.6463671829852
jazz.00065.wav,661794,0.08227276057004929,0.0015967958606779575,0.00114507455167112,0.07649135368329467,99.38401442307692,1337.4754415369662
jazz.00066.wav,667480,0.17293934524059296,0.001544708153232932,0.0009838070014747636,0.0883246111723543,129.19921875,1579.4904385281918
jazz.00067.wav,661794,0.1380803883075714,0.0012965258210897446,0.0006188227513107256,0.054932207076566125,99.38401442307692,1353.6838211633806
jazz.00068.wav,661794,0.09952051192522049,0.003935492131859064,0.0008585861971075529,0.06120433645108275,73.828125,1381.9736111236975
jazz.00069.wav,661794,0.11180935055017471,0.001439398154616356,0.0008451034534690611,0.08750241686001546,151.99908088235293,2011.4676640409414
jazz.00070.wav,661794,0.08652106672525406,0.001346267876215279,0.0005505379757340303,0.05004033135150812,103.359375,1116.2165448685432
jazz.00071.wav,661794,0.10035718232393265,0.001245903898961842,0.00021045424137803228,0.04257072336620263,151.99908088235293,970.8828229986416
jazz.00072.wav,661794,0.11050861328840256,0.003490653820335865,0.00041484255373522966,0.058720635150812064,107.666015625,1336.1537045530652
jazz.00073.wav,661794,0.13320837914943695,0.0032621915452182293,0.0018900340279280575,0.12970003746133024,112.34714673913044,2967.7774637881503
jazz.00074.wav,661794,0.11275491863489151,0.0049357363022863865,0.001834543061217377,0.09553696587393658,83.35433467741936,2415.0343920865366
jazz.00075.wav,661794,0.14697113633155823,0.004145405255258083,0.001975821200798806,0.12648901235015467,103.359375,2902.086088336836
jazz.00076.wav,661794,0.11915598064661026,0.0030131887178868055,0.0007671543481619761,0.06870037884280743,117.45383522727273,1733.471675696404
jazz.00077.wav,661794,0.14578405022621155,0.0030585515778511763,0.0014388759115568893,0.1308816554282676,184.5703125,2777.8587057732875
jazz.00078.wav,661794,0.11922888457775116,0.004335547797381878,0.001411412592127506,0.09586928412606342,80.74951171875,2503.275005368403
jazz.00079.wav,661794,0.06985007226467133,0.0003856092516798526,0.0013800207847372943,0.1078452031370843,107.666015625,2634.0430299917653
jazz.00080.wav,661794,0.07574117928743362,0.0003662518283817917,0.0012723511897748145,0.14034857163573086,135.99917763157896,3029.3823831428363
jazz.00081.wav,661794,0.043248288333415985,0.0002407194406259805,0.0038576351376052843,0.10012748936581593,117.45383522727273,3026.6071391311207
jazz.00082.wav,661794,0.047837384045124054,0.00036551390076056123,0.011145831443735368,0.2066977988447409,99.38401442307692,3905.044386155029
jazz.00083.wav,661794,0.0743442177772522,0.0005524128791876137,0.003715480163030329,0.14964517473897912,107.666015625,3392.9469943300037
jazz.00084.wav,661794,0.051700159907341,0.0004644342407118529,0.0030284509765546802,0.11831247281032482,123.046875,2875.0816780868668
jazz.00085.wav,661794,0.07143145054578781,0.0007950169965624809,0.0022809831317015324,0.14755912243812838,80.74951171875,2860.5718590849415
jazz.00086.wav,661794,0.052422426640987396,0.00041565982974134386,0.0077604351199463024,0.26163718097447797,135.99917763157896,4135.664563787816
jazz.00087.wav,661794,0.045812010765075684,0.0011879844823852181,0.0008503193152511933,0.04283468979601701,135.99917763157896,1846.4665678239705
jazz.00088.wav,661794,0.09159285575151443,0.0015100188320502639,0.0010472418081284459,0.069027032579273,129.19921875,2427.985227066133
jazz.00089.wav,661794,0.04505297169089317,0.000812616606708616,0.0033828964965398178,0.06275188212973705,54.978390957446805,1787.4214085347667
jazz.00090.wav,661794,0.061381082981824875,0.0004160835815127939,0.0002342930215283106,0.054141818324632635,135.99917763157896,1875.0101213777216
jazz.00091.wav,661794,0.04092894122004509,0.0006368079339154065,0.017018841723446542,0.15147972254447023,112.34714673913044,2959.1430079205684
jazz.00092.wav,661794,0.053567178547382355,0.0013244886649772525,0.006264892318930331,0.07547665011117556,117.45383522727273,2215.1958084364232
jazz.00093.wav,661794,0.04530353844165802,0.00015028350753709674,0.00070465416052672,0.08172045690738593,83.35433467741936,2152.894239308219
jazz.00094.wav,661794,0.03979180008172989,0.00040943993371911347,0.0003842385444919004,0.04150088517498066,123.046875,1077.231527758896
jazz.00095.wav,661794,0.06818181276321411,0.0006953682168386877,0.0008457828957010639,0.06336251691802011,117.45383522727273,1854.5569053146157
jazz.00096.wav,661794,0.044419899582862854,0.0004634170909412205,0.002114606703982812,0.07771677723801237,135.99917763157896,1873.8333017207992
jazz.00097.wav,661794,0.02118668705224991,0.00018389476463198662,0.00047457583980366674,0.039907645736658934,86.1328125,1176.1814458173892
jazz.00098.wav,661794,0.06016151234507561,0.00045481231063604355,0.0012414376906840765,0.058131147887664346,80.74951171875,1885.6010988665782
jazz.00099.wav,661794,0.03926887735724449,0.0004225829034112394,0.0005377657448425836,0.046179019842420725,135.99917763157896,1492.234676256941
metal.00000.wav,661504,0.11612549424171448,0.0003028749779332429,0.002186167414544937,0.18301936811194897,95.703125,3274.488271384068
metal.00001.wav,661504,0.09729799628257751,0.0002183773322030902,0.0017225195786006926,0.1528407168406806,78.30255681818181,2922.845195379586
metal.00002.wav,661504,0.1328103244304657,0.0006389297777786851,0.0009791959492596286,0.12834093133700697,112.34714673913044,2198.9180063366202
metal.00003.wav,661504,0.15018321573734283,0.0008512557251378894,0.0022376638522286956,0.16667346408546016,99.38401442307692,2752.2646167726643
metal.00004.wav,661504,0.06347561627626419,0.00010684177686925977,0.002361824490763959,0.19235071357791958,135.99917763157896,3403.073174163196
metal.00005.wav,661504,0.12188120931386948,0.0012741871178150177,0.001326562351711698,0.13431926116589327,151.99908088235293,2464.467489365532
metal.00006.wav,661504,0.05047249794006348,0.00010268350160913542,0.003335326267375043,0.1980427965487239,123.046875,3236.9253404981546
metal.00007.wav,661504,0.06949906051158905,0.00015669157437514514,0.0018782496119271205,0.16831088674593966,151.99908088235293,2939.4668442664474
metal.00008.wav,661504,0.058405619114637375,0.00020370859419927,0.0050518168229779685,0.14056155742459397,117.45383522727273,2966.078583206234
metal.00009.wav,661504,0.3128473162651062,0.001024013152346015,0.0005551295220107806,0.09464725928074245,112.34714673913044,2250.699842376685
metal.00010.wav,661504,0.11815384030342102,0.00015025271568447351,0.0018589037745104589,0.19649222979505027,184.5703125,3048.820089168163
metal.00011.wav,661504,0.23076368868350983,0.00025365306646563113,0.0008140643631792562,0.1714403428315932,161.4990234375,2699.885484322395
metal.00012.wav,661504,0.11431907117366791,9.620877972338349e-05,0.0007500991127850454,0.1768272972254447,172.265625,2803.0317875606393
metal.00013.wav,661504,0.08633401244878769,0.000153858563862741,0.0013770565637093214,0.20352264899941996,135.99917763157896,3047.5527888502347
metal.00014.wav,661504,0.0775967389345169,0.00023302191402763128,0.0013478241988986216,0.18525232018561485,151.99908088235293,2877.389183798178
metal.00015.wav,661504,0.11096391826868057,0.0001823452184908092,0.0012963246152884937,0.16920927892981438,172.265625,2986.7188508507816
metal.00016.wav,661504,0.26979804039001465,0.0018133842386305332,0.0015831555592371951,0.1795621253866976,92.28515625,2743.48907620867
metal.00017.wav,661504,0.113819919526577,0.0003983077476732433,0.002199192506327417,0.15871519721577726,107.666015625,2657.012956530189
metal.00018.wav,661504,0.11843699961900711,0.00013498624321073294,0.0015890105688687636,0.18026074898491878,99.38401442307692,2291.64900273961
metal.00019.wav,661504,0.10092320293188095,0.0009669383289292455,0.0022584375015557703,0.16142736731438515,112.34714673913044,2699.282252821042
metal.00020.wav,661504,0.11736242473125458,0.0008669688832014799,0.0020729704132608434,0.15234903688128384,99.38401442307692,2657.9128544059677
metal.00021.wav,661504,0.10846711695194244,0.0008084870059974492,0.002583049404316222,0.19154597471964424,107.666015625,3046.5780317887993
metal.00022.wav,661504,0.19885513186454773,0.002610356779769063,0.00103272439212425,0.10695209783449343,135.99917763157896,2218.7437059827034
metal.00023.wav,661504,0.19529755413532257,0.0012638602638617158,0.0017346576141237077,0.131706408908546,143.5546875,2575.0973006339213
metal.00024.wav,661504,0.23153230547904968,0.0008259201422333717,0.0017919672320269378,0.12828881779292342,112.34714673913044,2410.798727286869
metal.00025.wav,661504,0.10048302263021469,0.0004963191458955407,0.0020196183955442323,0.12607323690061872,135.99917763157896,2384.552716223428
metal.00026.wav,661504,0.13821154832839966,0.0005033010966144502,0.0018678793331820375,0.1981458907337587,129.19921875,2870.818646828689
metal.00027.wav,661504,0.16509020328521729,0.0009177146712318063,0.0008124536120852616,0.1282435016676334,129.19921875,2398.074361760819
metal.00028.wav,661504,0.1441461592912674,0.00025234019267372787,0.001319378045010847,0.17988877912316317,135.99917763157896,2789.3767914768746
metal.00029.wav,661504,0.08902858942747116,0.000429099309258163,0.00334820962676072,0.16328041920436967,123.046875,2954.9848088733656
metal.00030.wav,661504,0.23034115135669708,0.0018445738824084401,0.0003075434251155777,0.051180787171307036,129.19921875,1525.0429798194884
metal.00031.wav,661504,0.22056350111961365,0.0015685154357925057,0.0018088827491985445,0.1251472774071926,135.99917763157896,2566.8139525492043
metal.00032.wav,661504,0.1365538239479065,0.0010094045428559184,0.0015515982407532302,0.1481127344354215,117.45383522727273,2502.8708397269183
metal.00033.wav,661504,0.25685006380081177,0.0012482309248298407,0.0022900994222341295,0.09999833840873937,123.046875,2030.3817155284796
metal.00034.wav,661504,0.0905107855796814,0.0006140753393992782,0.003331069110539354,0.16082730628866976,161.4990234375,2706.984946217761
metal.00035.wav,661504,0.27084413170814514,0.003888789564371109,0.0031975248150933064,0.16275324161349575,117.45383522727273,2836.907115108013
metal.00036.wav,661504,0.11221962422132492,0.0008263414492830634,0.002392852449950552,0.16043343363302398,143.5546875,2685.529888139436
metal.00037.wav,661504,0.11203362047672272,0.00032908088178373873,0.0017099462703664226,0.12360086463167054,135.99917763157896,2292.3824232586726
metal.00038.wav,661504,0.14596572518348694,0.0069869630970060825,0.003489602518783837,0.14825774603634959,95.703125,2690.6585796166046
metal.00039.wav,661504,0.15431208908557892,0.0033713935408741236,0.0016195704273314806,0.08823464991782676,117.45383522727273,2097.998518671556
metal.00040.wav,661794,0.1046234518289566,0.0005680932081304491,0.002153875978027969,0.1665242985063805,107.666015625,2710.7947448605455
metal.00041.wav,661794,0.09760946035385132,0.0003641899675130844,0.001084185236346423,0.1373478888727765,117.45383522727273,2269.1280088995877
metal.00042.wav,661794,0.09366292506456375,0.0003850485081784427,0.0009893623925114783,0.15186113326566125,129.19921875,2464.278689901676
metal.00043.wav,661794,0.09049835801124573,0.0011143935844302177,0.00395733300477485,0.17726459783449341,95.703125,2683.280386988599
metal.00044.wav,661794,0.09543592482805252,0.0005903562996536493,0.0016644507257366366,0.17120583188321734,117.45383522727273,2759.977419555069
metal.00045.wav,661794,0.08806443959474564,0.0009969893144443631,0.0038640447070301723,0.14432166292053364,61.5234375,2390.2572245084216
metal.00046.wav,661794,0.21249641478061676,0.0005668377270922065,0.0009403957781854255,0.16367995637567673,117.45383522727273,2795.2233266422677
metal.00047.wav,661794,0.2175908237695694,0.001228323089890182,0.0017587026689297137,0.1781082330336427,103.359375,2908.2814309477026
metal.00048.wav,661794,0.22451183199882507,0.0010163215920329094,0.0007764755300553884,0.1765742821925754,107.666015625,2889.1942920819233
metal.00049.wav,661794,0.21761256456375122,0.0006507585057988763,0.0007636520442370003,0.19398775860402165,99.38401442307692,2980.0103977749773
metal.00050.wav,661794,0.24907363951206207,0.0012873561354354024,0.0008657596895795525,0.1774496386794277,112.34714673913044,2986.7473831169846
metal.00051.wav,661794,0.22627277672290802,0.0012491970555856824,0.0023827690865355416,0.22838043189288476,107.666015625,3400.9162889767745
metal.00052.wav,661794,0.23994168639183044,0.002758325543254614,0.0020723548022456586,0.16219169929427688,161.4990234375,2716.988683950551
metal.00053.wav,661794,0.2274986058473587,0.00200330326333642,0.0011789056213810498,0.1725668261794277,123.046875,2906.766678996684
metal.00054.wav,661794,0.20718976855278015,0.0007495046593248844,0.0016636177092477279,0.19571807932134572,123.046875,3113.6998168246023
metal.00055.wav,661794,0.23259367048740387,0.0011208923533558846,0.001133529221796036,0.19684040869102862,172.265625,3108.4878243057756
metal.00056.wav,661794,0.24293814599514008,0.0013538612984120846,0.0012227981145930217,0.17930646691318639,107.666015625,3010.9544455574965
metal.00057.wav,661794,0.20719708502292633,0.0014592609368264675,0.0017282064805370875,0.1437182031854215,129.19921875,2718.6091625354393
metal.00058.wav,661794,0.18455268442630768,0.0010364779736846685,0.0011601360614878437,0.1428334058391338,143.5546875,2459.4994227321545
metal.00059.wav,661794,0.1823669821023941,0.000899973907507956,0.0010830232940035366,0.14982190762761022,99.38401442307692,2442.474784578183
metal.00060.wav,661794,0.12576058506965637,0.0006352149648591876,0.001615084701404295,0.1394849218145785,89.10290948275862,2315.317248126811
metal.00061.wav,661794,0.1046234518289566,0.0005680932081304491,0.002153875978027969,0.1665242985063805,107.666015625,2710.7947448605455
metal.00062.wav,661794,0.09760946035385132,0.0003641899675130844,0.001084185236346423,0.1373478888727765,117.45383522727273,2269.1280088995877
metal.00063.wav,661794,0.09366292506456375,0.0003850485081784427,0.0009893623925114783,0.15186113326566125,129.19921875,2464.278689901676
metal.00064.wav,661794,0.09049835801124573,0.0011143935844302177,0.00395733300477485,0.17726459783449341,95.703125,2683.280386988599
metal.00065.wav,661794,0.09543592482805252,0.0005903562996536493,0.0016644507257366366,0.17120583188321734,117.45383522727273,2759.977419555069
metal.00066.wav,661794,0.08806443959474564,0.0009969893144443631,0.0038640447070301723,0.14432166292053364,61.5234375,2390.2572245084216
metal.00067.wav,661504,0.13629578053951263,0.0014223592588678002,0.0014769890824749856,0.12011605459686775,135.99917763157896,2254.453491483354
metal.00068.wav,661504,0.09837739914655685,0.0010294857202097774,0.001753129100202947,0.13070114619586234,161.4990234375,2302.4995638302203
metal.00069.wav,661504,0.17366670072078705,0.000614901480730623,0.0006759099462301049,0.05375889706593194,161.4990234375,1740.722850474946
metal.00070.wav,661504,0.048849303275346756,0.0007528609130531549,0.003868510170396427,0.14284662304234338,117.45383522727273,2743.0559849236097
metal.00071.wav,661504,0.11535019427537918,0.0019258195534348488,0.002991077650510528,0.15372966816511988,86.1328125,2807.79446083876
metal.00072.wav,661504,0.19440858066082,0.0007689461344853044,0.001543762819418475,0.11677021401295437,123.046875,2339.71490773828
metal.00073.wav,661504,0.2935759425163269,0.002225757809355855,0.001832899357471612,0.1212886093387471,143.5546875,2642.018426218921
metal.00074.wav,661504,0.04085097834467888,7.8519806265831e-05,0.003351517917441992,0.13498352003576952,123.046875,2725.2945982809947
metal.00075.wav,661504,0.24477368593215942,0.006584364455193281,0.0015465924820737581,0.08885850190931942,112.34714673913044,2068.35558669801
metal.00076.wav,661504,0.09693776816129684,0.0014509523753076792,0.0028700806299736996,0.16249154098994587,143.5546875,2792.4885971477734
metal.00077.wav,661504,0.14915025234222412,0.0006251551094464958,0.0012109906588883557,0.15991871797660479,151.99908088235293,2740.9209907125605
metal.00078.wav,661504,0.2696712017059326,0.00175856810528785,0.0021543567092326566,0.13179062137470998,99.38401442307692,2814.9780630970536
metal.00079.wav,661504,0.12742561101913452,0.001773444819264114,0.001991350885780638,0.14385528446442383,123.046875,2710.5431632870277
metal.00080.wav,661504,0.1399349868297577,0.0030314666219055653,0.002862837411737259,0.1440546754156999,161.4990234375,2847.5704575460013
metal.00081.wav,661504,0.19041019678115845,0.0011038315715268254,0.000776667132372927,0.12193549702726218,151.99908088235293,2137.9207709952907
metal.00082.wav,661504,0.13164247572422028,0.001486847409978509,0.000987374823041458,0.1412658455384764,123.046875,2378.350841949206
metal.00083.wav,661504,0.20871186256408691,0.001063524279743433,0.0020055013929342644,0.12287165264887857,117.45383522727273,2340.639542263814
metal.00084.wav,661504,0.22984910011291504,0.004204295575618744,0.0021163998683231054,0.1385170449052591,151.99908088235293,2522.0650334557836
metal.00085.wav,661504,0.1519908308982849,0.0021529539953917265,0.0015568535880469245,0.1577129555781129,103.359375,2646.9497721611406
metal.00086.wav,661504,0.08830418437719345,0.0003396686224732548,0.0021362775039144174,0.15901012966453984,123.046875,2629.810643069209
metal.00087.wav,661504,0.2673795223236084,0.0011753562139347196,0.0018657806315099856,0.18673944436388246,95.703125,3338.581900165852
metal.00088.wav,661504,0.13336113095283508,0.0033527002669870853,0.002122634351401287,0.09239202677880898,117.45383522727273,1988.223472858787
metal.00089.wav,661504,0.2661418318748474,0.004173716064542532,0.0007009879170450991,0.046537772500966745,151.99908088235293,1443.3314125513104
metal.00090.wav,661504,0.1466410607099533,0.00037439222796820104,0.0017847345487934263,0.08463503903228925,89.10290948275862,2141.4053031675107
metal.00091.wav,661504,0.11604086309671402,0.0010482714278623462,0.0021365117753183263,0.1200435487964037,92.28515625,2323.458546158964
metal.00092.wav,661504,0.166333869099617,0.0014205578481778502,0.0010936875782494645,0.09328588735015468,117.45383522727273,2089.9710575936288
metal.00093.wav,661504,0.09202369302511215,0.0004228279285598546,0.0015881027848619743,0.1416087375531709,172.265625,2644.6969887497257
metal.00094.wav,661504,0.0905107855796814,0.0006140753393992782,0.003331069110539354,0.16082730628866976,161.4990234375,2706.984946217761
metal.00095.wav,661794,0.18544696271419525,0.0037804723251610994,0.002386499561676467,0.12111678569702243,151.99908088235293,2446.267670780378
metal.00096.wav,661794,0.18824410438537598,0.003147310111671686,0.003558324688504276,0.12817326167343387,161.4990234375,2493.5017806909627
metal.00097.wav,661794,0.18609103560447693,0.0026956931687891483,0.00198668772960621,0.08622601266434649,112.34714673913044,1983.7690774970563
metal.00098.wav,661794,0.13901172578334808,0.004478401504456997,0.0036735220332025694,0.11569735474671307,151.99908088235293,2241.000417992825
metal.00099.wav,661794,0.17018817365169525,0.0037621580995619297,0.003198852356091087,0.10796566850348027,143.5546875,2375.608157469717
pop.00000.wav,661504,0.1859171986579895,0.007512959185987711,0.009450020863294937,0.1267201245891338,89.10290948275862,3421.887738231055
pop.00001.wav,661504,0.2625790238380432,0.014924134127795696,0.00982001576581104,0.14939442551237433,107.666015625,3702.1051113435383
pop.00002.wav,661504,0.2151719182729721,0.006579461973160505,0.005764235520529862,0.11886608480761794,83.35433467741936,3214.086840224995
pop.00003.wav,661504,0.12942175567150116,0.0018083344912156463,0.002095526299754044,0.08532308886794276,92.28515625,1836.9566906485368
pop.00004.wav,661504,0.2111753672361374,0.002560863271355629,0.005099345313714374,0.12370886806361175,107.666015625,2753.1207913397066
pop.00005.wav,661504,0.13968993723392487,0.0059851729311048985,0.002455241835948479,0.10673155935808198,172.265625,2289.8507818925104
pop.00006.wav,661504,0.09398965537548065,0.0014594019157812,0.0027092515422841154,0.06768001075502707,92.28515625,2125.0853874551503
pop.00007.wav,661504,0.08436691761016846,0.002385437721386552,0.00238403013297467,0.08230050331109823,129.19921875,1967.7656068674153
pop.00008.wav,661504,0.19558292627334595,0.0019031836418434978,0.007915193931931656,0.12125651041666667,172.265625,2884.5679581951435
pop.00009.wav,661504,0.15974996984004974,0.0032906101550906897,0.004299131910736998,0.1727420485305491,107.666015625,3279.471504365256
pop.00010.wav,661504,0.184090718626976,0.0031778260599821806,0.0022335802267451008,0.06617287195475638,107.666015625,1900.2750336540544
pop.00011.wav,661504,0.055813197046518326,0.0012392335338518023,0.0028528366900681616,0.08708475323859242,184.5703125,2199.986802126694
pop.00012.wav,661504,0.164256751537323,0.002643038285896182,0.0033644355195089023,0.12588517498066512,99.38401442307692,2679.2025783993226
pop.00013.wav,661504,0.17310699820518494,0.0027197778690606356,0.0015848585356013042,0.05164452218677494,143.5546875,2149.8435530205134
pop.00014.wav,661504,0.07808966189622879,0.0002733006258495152,0.0012877784627316614,0.08802619574149265,117.45383522727273,1997.7080512535226
pop.00015.wav,661504,0.1961047500371933,0.006230807863175869,0.006964838291186281,0.1415838136842614,103.359375,3207.60813767593
pop.00016.wav,661504,0.1466253697872162,0.010426556691527367,0.007382187424646443,0.1533135150812065,107.666015625,3488.7879371849153
pop.00017.wav,661504,0.14316326379776,0.0010647635208442807,0.0025108115945669833,0.12616349151682135,107.666015625,2789.4864774145362
pop.00018.wav,661504,0.20761270821094513,0.003752536838874221,0.005567693050138955,0.12767176322022428,123.046875,3433.855740239845
pop.00019.wav,661504,0.21108576655387878,0.005836155731230974,0.011588475963752006,0.15598678883894046,92.28515625,3131.346385563002
pop.00020.wav,661504,0.24810662865638733,0.007424855139106512,0.006731262429921418,0.17964142860595514,107.666015625,3486.337770783213
pop.00021.wav,661504,0.19365935027599335,0.010446731001138687,0.007873622180901672,0.18691957596191028,99.38401442307692,3501.7137290280716
pop.00022.wav,661504,0.1960965245962143,0.006238256581127644,0.00695621367215245,0.14153094487142304,103.359375,3206.738942875486
pop.00023.wav,661504,0.21081717312335968,0.007253976538777351,0.010057323911908835,0.1775614184551431,103.359375,3758.6474526768043
pop.00024.wav,661504,0.20751416683197021,0.008891349658370018,0.006814772245016886,0.14444628226508122,117.45383522727273,3300.9350734679483
pop.00025.wav,661504,0.18972380459308624,0.006505914498120546,0.0076709876360752105,0.10568551213263727,151.99908088235293,2927.7783293727703
pop.00026.wav,661504,0.19570204615592957,0.00784960389137268,0.0038883941585913686,0.10349447747486465,75.99954044117646,2525.4194470062757
pop.00027.wav,661504,0.15799759328365326,0.002735388232395053,0.0028268000784801997,0.1018672509425754,83.35433467741936,2682.2513871024557
pop.00028.wav,661504,0.19469858705997467,0.004841701127588749,0.0033815910035516596,0.12120741794760248,99.38401442307692,2945.8558943760954
pop.00029.wav,661504,0.2342047095298767,0.006282764952629805,0.003044494985701646,0.11151920799497293,161.4990234375,2988.3885162355436
pop.00030.wav,661504,0.20324428379535675,0.006337567698210478,0.004605940713558664,0.14867918600154678,95.703125,3070.608037938161
pop.00031.wav,661504,0.19848328828811646,0.006051344331353903,0.004725775148591775,0.15285733275328692,95.703125,3110.8659582597097
pop.00032.wav,661504,0.09792642295360565,0.002148958155885339,0.018660875090691247,0.22864062197892498,95.703125,4225.533439474343
pop.00033.wav,661504,0.14000630378723145,0.0025015154387801886,0.0024319545597932314,0.1370099061049884,99.38401442307692,2835.1038145262232
pop.00034.wav,661504,0.18771475553512573,0.004703611135482788,0.007199018853975521,0.130993435203983,95.703125,3141.45510448394
pop.00035.wav,661504,0.2824675738811493,0.009612713940441608,0.004142511889991967,0.15931563587587008,107.666015625,3193.941233886228
pop.00036.wav,661504,0.25677981972694397,0.007180025801062584,0.00823828044259158,0.11505650920823667,99.38401442307692,2944.2615331324855
pop.00037.wav,661504,0.24098487198352814,0.008035297505557537,0.0038351810949879,0.16480568445475638,103.359375,3238.2154715160823
pop.00038.wav,661504,0.22175709903240204,0.006172815803438425,0.005550702056403869,0.14650325671887085,92.28515625,3267.551920233531
pop.00039.wav,661504,0.2798377573490143,0.010721348226070404,0.010679917045705693,0.18711179186001548,83.35433467741936,3934.5185236902685
pop.00040.wav,661504,0.19932816922664642,0.0056315576657652855,0.0014775287043945352,0.09577563080046404,129.19921875,1962.0368011629566
pop.00041.wav,661504,0.08338054269552231,0.0012422784930095077,0.0030558478664545327,0.07533088324149265,107.666015625,2053.1429489030347
pop.00042.wav,661504,0.22357521951198578,0.007203822024166584,0.005705895426921001,0.14367213179137664,92.28515625,3001.428507894371
pop.00043.wav,661504,0.2544040381908417,0.004969324450939894,0.005311057050884446,0.10325052566705337,135.99917763157896,2702.8930022939903
pop.00044.wav,661504,0.22285714745521545,0.008642012253403664,0.005519942376284891,0.13560510622099767,117.45383522727273,3145.6447945186555
pop.00045.wav,661504,0.20232923328876495,0.005508745089173317,0.007398071339511408,0.12496148129350348,117.45383522727273,2843.3425541211486
pop.00046.wav,661504,0.20348238945007324,0.00555897643789649,0.007217659205282159,0.1221488604505027,117.45383522727273,2838.4761119256373
pop.00047.wav,661504,0.21590940654277802,0.008278677240014076,0.004859507422693121,0.12735455034319412,112.34714673913044,3151.614023540828
pop.00048.wav,661504,0.15664641559123993,0.0041998932138085365,0.008529831186217073,0.2106100909947796,129.19921875,4052.6373591950264
pop.00049.wav,661504,0.14751921594142914,0.0037653876934200525,0.003763555222393686,0.06611396099187936,58.72691761363637,1988.1373575039356
pop.00050.wav,661504,0.2083773910999298,0.00659497594460845,0.007739028762934564,0.11862590934358082,143.5546875,3046.627866981101
pop.00051.wav,661504,0.2132604718208313,0.004252229351550341,0.01244079118075726,0.23009564723511214,112.34714673913044,4157.906085846783
pop.00052.wav,661504,0.3216504454612732,0.02038251981139183,0.010744542020532476,0.15602568517981438,103.359375,3663.415435795096
pop.00053.wav,661504,0.17224599421024323,0.00930265337228775,0.009413420057261873,0.10692755159996133,161.4990234375,2638.5701272363926
pop.00054.wav,661504,0.2734798491001129,0.015229537151753902,0.008349700610971818,0.13598953801720803,129.19921875,3497.602315597327
pop.00055.wav,661504,0.24079176783561707,0.017005285248160362,0.01795781165742292,0.16747971348124516,103.359375,3941.262858171091
pop.00056.wav,661504,0.2500775456428528,0.015147920697927475,0.017096249461030333,0.14555350625966745,89.10290948275862,3682.386204716246
pop.00057.wav,661504,0.3294355869293213,0.021620048210024834,0.010485702774169393,0.15405896534222738,103.359375,3672.8155305993278
pop.00058.wav,661504,0.1674077808856964,0.006365675944834948,0.011732672173935305,0.14566604130413766,99.38401442307692,2938.985925234758
pop.00059.wav,661504,0.25198087096214294,0.015290523879230022,0.016465154277826275,0.14473441729505027,89.10290948275862,3729.1849926827167
pop.00060.wav,661504,0.2734798491001129,0.015229537151753902,0.008349700610971818,0.13598953801720803,129.19921875,3497.602315597327
pop.00061.wav,661504,0.2208293229341507,0.007680507842451334,0.007635618180419464,0.11193838215390564,95.703125,2949.6104932610165
pop.00062.wav,661504,0.3979733884334564,0.00716425059363246,0.001282594063065379,0.09815737081883218,161.4990234375,2467.91237716609
pop.00063.wav,661504,0.12618057429790497,0.001279092044569552,0.0006580324583951978,0.07461564373066512,80.74951171875,1826.4753409667562
pop.00064.wav,661504,0.16923576593399048,0.01232468243688345,0.012423470245515992,0.20587380063321734,129.19921875,3647.752645607104
pop.00065.wav,661504,0.133531853556633,0.006071745418012142,0.0036263040918889555,0.10012635646268368,117.45383522727273,2519.2288395541555
pop.00066.wav,661504,0.24342526495456696,0.006666380912065506,0.002957280190018325,0.0997370154195669,80.74951171875,2844.8785786128237
pop.00067.wav,661504,0.19152206182479858,0.00782380998134613,0.013315201010448755,0.1909561098221191,112.34714673913044,3888.8598067300504
pop.00068.wav,661504,0.24566929042339325,0.013561038300395012,0.01114207685705107,0.1549981420388631,129.19921875,3263.0090728278155
pop.00069.wav,661504,0.21561764180660248,0.00450174929574132,0.0026555356772195323,0.09544520072022429,107.666015625,2327.2450003562485
pop.00070.wav,661504,0.16777914762496948,0.012512310408055782,0.0072687913811999025,0.13640418056361175,123.046875,3141.6733248085116
pop.00071.wav,661504,0.19152206182479858,0.00782380998134613,0.013315201010448755,0.1909561098221191,112.34714673913044,3888.8598067300504
pop.00072.wav,661504,0.2344370037317276,0.004874239210039377,0.0026080619763703067,0.13159538440158547,117.45383522727273,2568.3949376929468
pop.00073.wav,661504,0.25992143154144287,0.00922328419983387,0.007166419905580263,0.16179669373549885,129.19921875,3669.7092208752665
pop.00074.wav,661504,0.21047216653823853,0.021028975024819374,0.01137903026158922,0.130859375,83.35433467741936,3420.34060300467
pop.00075.wav,661504,0.1857251524925232,0.00852646492421627,0.009658429155308953,0.1591457004060325,95.703125,3644.6944662544083
pop.00076.wav,661504,0.24541103839874268,0.008334522135555744,0.006728732668740679,0.14274050778228925,215.33203125,3543.2124126276863
pop.00077.wav,661504,0.23113428056240082,0.01621038280427456,0.013473513042164858,0.21382753589037123,112.34714673913044,4036.553102787921
pop.00078.wav,661504,0.22357100248336792,0.013054009526968002,0.008624081410987085,0.14262155295340295,103.359375,3123.1514098627495
pop.00079.wav,661504,0.03756560757756233,0.00039810247835703194,0.005607810365822717,0.07252581508604021,112.34714673913044,1994.8445931987608
pop.00080.wav,661504,0.21583034098148346,0.008249752223491669,0.0048754740956718995,0.12755734000386698,112.34714673913044,3151.2673078835624
pop.00081.wav,661504,0.09222753345966339,0.001219432451762259,0.0017907203733449554,0.08596620021268368,143.5546875,2246.1650466896363
pop.00082.wav,661504,0.2079898566007614,0.0072581092827022076,0.0035675616066315327,0.1003438738640758,129.19921875,3168.8913468324995
pop.00083.wav,661504,0.14303112030029297,0.0019710841588675976,0.0016288675447420663,0.08426080336426914,123.046875,2489.374962768822
pop.00084.wav,661504,0.17933782935142517,0.009450940415263176,0.013965224865260804,0.13584263824439288,99.38401442307692,3263.2254008092204
pop.00085.wav,661504,0.1954854130744934,0.00451564509421587,0.005891557494199131,0.12202575164346481,117.45383522727273,2516.409369986737
pop.00086.wav,661504,0.13254207372665405,0.0014931608457118273,0.005900673872863301,0.18515413524748647,129.19921875,3593.788286205766
pop.00087.wav,661504,0.19098779559135437,0.0021794710773974657,0.007802822294520838,0.14645907349671308,103.359375,3588.133148349236
pop.00088.wav,661504,0.23486705124378204,0.016920309513807297,0.011145892892832783,0.17195732429427688,99.38401442307692,3510.331686060388
pop.00089.wav,661504,0.2205909639596939,0.011594319716095924,0.009789198456199898,0.16564063406322505,99.38401442307692,3399.9467157694194
pop.00090.wav,661504,0.19415432214736938,0.002232945989817381,0.007822449538901663,0.1475236248066512,103.359375,3603.717671971776
pop.00091.wav,661504,0.2653508484363556,0.008583967573940754,0.009885800315407292,0.16674106063901778,117.45383522727273,3694.8948636995938
pop.00092.wav,661504,0.22711403667926788,0.008304146118462086,0.006075633518312141,0.14528500821732404,107.666015625,3270.0834291515685
pop.00093.wav,661504,0.24584217369556427,0.007482823915779591,0.003479415433064082,0.13163352547370458,135.99917763157896,3259.390158151669
pop.00094.wav,661504,0.19876374304294586,0.007026846520602703,0.003508885937085355,0.12851841949439288,151.99908088235293,2806.820283529045
pop.00095.wav,661504,0.30382734537124634,0.009796579368412495,0.004330616101406682,0.10640263981535189,103.359375,3047.54489379022
pop.00096.wav,661504,0.2512606978416443,0.004884775262326002,0.00414709947234445,0.10530825538959783,92.28515625,3126.642118893024
pop.00097.wav,661504,0.2043813019990921,0.01962696574628353,0.020066126937345476,0.13715000845901004,99.38401442307692,3508.7865369019805
pop.00098.wav,661504,0.21317453682422638,0.005654716864228249,0.007770493323365958,0.18300841671500387,117.45383522727273,3633.050971818624
pop.00099.wav,661504,0.1381710171699524,0.0025285144802182913,0.0036464470862269303,0.09597275594547564,78.30255681818181,2765.2497466766963
reggae.00000.wav,661794,0.09415439516305923,0.0017729738028720021,0.0012805400865978477,0.09779937342904099,123.046875,2133.2003820783343
reggae.00001.wav,661794,0.08202048391103745,0.0016127144917845726,0.0013560247290892668,0.06396975299690642,151.99908088235293,1638.9074391417607
reggae.00002.wav,661794,0.09248083829879761,0.0018323285039514303,0.0017694716252478209,0.07510279207753287,103.359375,1796.8382988303633
reggae.00003.wav,661794,0.09422627836465836,0.0021613447461277246,0.004026367678214316,0.08490731341840681,143.5546875,1923.341463537928
reggae.00004.wav,661794,0.10110662132501602,0.0027324312832206488,0.0024182329798776176,0.08445301926237432,123.046875,2009.585992171906
reggae.00005.wav,661794,0.10035885870456696,0.0025138654746115208,0.0017269499442098073,0.0730159845079273,161.4990234375,1798.3642545435855
reggae.00006.wav,661794,0.10510431230068207,0.0025853454135358334,0.002600486988111461,0.06082141519238206,75.99954044117646,1417.8371180079043
reggae.00007.wav,661794,0.09061544388532639,0.0015232631703838706,0.0020010409667580017,0.07387510271655066,151.99908088235293,1754.0530459738538
reggae.00008.wav,661794,0.1020125225186348,0.0023102015256881714,0.0021131176257980873,0.06943789878190255,95.703125,1691.2049386238136
reggae.00009.wav,661794,0.08670243620872498,0.0018703851383179426,0.002450264787341018,0.06057066596577726,161.4990234375,1609.7020525109226
reggae.00010.wav,661794,0.06165899708867073,0.001761222374625504,0.0049181187995438885,0.10275318119199536,117.45383522727273,2149.049179492621
reggae.00011.wav,661794,0.07840807735919952,0.0018194947624579072,0.001468733471192191,0.07027624709976799,123.046875,1995.1642434287546
reggae.00012.wav,661794,0.0755806416273117,0.0018111414974555373,0.00781167123236559,0.11374762845610982,129.19921875,2300.043392499162
reggae.00013.wav,661794,0.11166458576917648,0.002602954860776663,0.0035151029452983734,0.07061687330819799,123.046875,1608.5610274912588
reggae.00014.wav,661794,0.11424611508846283,0.004025437869131565,0.0033877416330034974,0.06409059599767981,129.19921875,1716.249593551714
reggae.00015.wav,661794,0.1318986862897873,0.002980439458042383,0.001856942514168825,0.06818641845514307,129.19921875,1923.059128288561
reggae.00016.wav,661794,0.18564298748970032,0.0023685889318585396,0.0012872444355983008,0.07924770700406032,143.5546875,2118.7683462374644
reggae.00017.wav,661794,0.13979867100715637,0.003600973868742585,0.003549109989515909,0.07795204345514307,129.19921875,1803.7743780442327
reggae.00018.wav,661794,0.10643099993467331,0.0026859985664486885,0.0034156093616955078,0.07740447360788863,151.99908088235293,1907.5162410949943
reggae.00019.wav,661794,0.13868877291679382,0.004647292662411928,0.004151391457408682,0.0712822650812065,143.5546875,1753.9362398405503
reggae.00020.wav,661794,0.13931038975715637,0.0028245090506970882,0.002293338365346642,0.056755803485112145,129.19921875,1637.740972001881
reggae.00021.wav,661794,0.15517841279506683,0.003917459398508072,0.0015934951721879537,0.09282441814095127,151.99908088235293,2006.893096207641
reggae.00022.wav,661794,0.18223723769187927,0.0021579440217465162,0.001275489511730128,0.07230036736272236,151.99908088235293,2058.8216214305558
reggae.00023.wav,661794,0.10787325352430344,0.0027500102296471596,0.008299085020122053,0.12024747136020882,129.19921875,2354.78033338549
reggae.00024.wav,661794,0.12373929470777512,0.002813150407746434,0.0026726199244264163,0.07214969124613302,135.99917763157896,1811.2349342438188
reggae.00025.wav,661794,0.12684088945388794,0.0029778971802443266,0.002629882406599631,0.07374708466260634,123.046875,1708.9236968335272
reggae.00026.wav,661794,0.1343516856431961,0.00350253377109766,0.0022799402020634504,0.07454389319895592,135.99917763157896,1840.873487586597
reggae.00027.wav,661794,0.12790773808956146,0.005159533116966486,0.005643097748452149,0.08734909730278423,135.99917763157896,2086.325810192421
reggae.00028.wav,661794,0.07286563515663147,0.0017591224750503898,0.00406605538556558,0.06780765117459396,78.30255681818181,1640.7028906713726
reggae.00029.wav,661794,0.10387440025806427,0.0018290274310857058,0.0005441458637761621,0.04365755510440835,151.99908088235293,1585.037771718658
reggae.00030.wav,661794,0.08047183603048325,0.0013651484623551369,0.004832279852368873,0.07047110643851508,75.99954044117646,1814.0413745530245
reggae.00031.wav,661794,0.09204327315092087,0.0018915365217253566,0.001610744190354508,0.05865832547853828,161.4990234375,1579.8064471159307
reggae.00032.wav,661794,0.063911072909832,0.0015926104970276356,0.0014686408272258013,0.06583149047757154,151.99908088235293,1510.6867183689144
reggae.00033.wav,661794,0.07423320412635803,0.0013347746571525931,0.0037214646136990545,0.059114130172080434,89.10290948275862,1615.9375128457352
reggae.00034.wav,661794,0.08248114585876465,0.0018575121648609638,0.0008094820670098506,0.04460126341357309,184.5703125,1291.3256533234212
reggae.00035.wav,661794,0.07324818521738052,0.0018880967982113361,0.0018031638061589445,0.06128250676720804,107.666015625,1699.0408901101941
reggae.00036.wav,661794,0.07998436689376831,0.0031717342790216208,0.0020214878501676717,0.0592051400570379,86.1328125,1810.9528625566486
reggae.00037.wav,661794,0.08649235218763351,0.002802749862894416,0.0027096320986937767,0.06325753456109823,151.99908088235293,1709.758011553598
reggae.00038.wav,661794,0.07582053542137146,0.0014276731526479125,0.002625188288577246,0.06552258555684455,95.703125,1700.9060671086115
reggae.00039.wav,661794,0.10382185131311417,0.0037364494055509567,0.0003531277980995161,0.025934796137857694,151.99908088235293,1312.2553869249211
reggae.00040.wav,661794,0.039069078862667084,0.000898142228834331,0.007547032824122208,0.1010474067092034,92.28515625,2032.3811629087336
reggae.00041.wav,661504,0.11999257653951645,0.0009731613681651652,0.001420406886316518,0.05900574910576179,143.5546875,1930.2323260584533
reggae.00042.wav,661504,0.0713108628988266,0.0014794698217883706,0.003312765851375345,0.105634531491686,123.046875,2479.6656661783977
reggae.00043.wav,661504,0.11070738732814789,0.0017801383510231972,0.0011335038664281008,0.0760128909271075,151.99908088235293,1484.715975682295
reggae.00044.wav,661504,0.15251077711582184,0.003367915516719222,0.0025569017760384842,0.08757227921983758,172.265625,2455.3491789435293
reggae.00045.wav,661504,0.09124011546373367,0.0013179893139749765,0.008561402701870292,0.2237736701227765,161.4990234375,4282.077748119587
reggae.00046.wav,661504,0.0934906080365181,0.0011220191372558475,0.0026531970791245454,0.08096405524941995,172.265625,2322.1698475078733
reggae.00047.wav,661504,0.10929930955171585,0.002126559615135193,0.004922208775349389,0.1149432188950116,143.5546875,2477.7986525615497
reggae.00048.wav,661504,0.12022173404693604,0.0015472238883376122,0.005031957667921481,0.11116763038959783,89.10290948275862,2672.85191269513
reggae.00049.wav,661504,0.13297951221466064,0.0022367453202605247,0.002425434197857909,0.08068951505703789,95.703125,2322.0631709816244
reggae.00050.wav,661504,0.13103048503398895,0.004028842784464359,0.008714255347440856,0.12703658219740913,95.703125,2954.8185788567075
reggae.00051.wav,661504,0.11750303953886032,0.0032904648687690496,0.028718403889397448,0.27463082463263727,86.1328125,4273.650128634408
reggae.00052.wav,661504,0.1899878978729248,0.008365611545741558,0.009698302647153087,0.1340670014017788,99.38401442307692,3289.023545845818
reggae.00053.wav,661504,0.06308438628911972,0.001843661186285317,0.0074938770463262895,0.08975349538379737,75.99954044117646,2003.6725747242701
reggae.00054.wav,661504,0.09691649675369263,0.0021829777397215366,0.006733152323083717,0.10157722774071926,143.5546875,2542.6153583405116
reggae.00055.wav,661504,0.11294706910848618,0.0006602566572837532,0.0029317131000975915,0.08219627622293117,129.19921875,2525.3329292989506
reggae.00056.wav,661504,0.10051548480987549,0.0024690027348697186,0.003062288488425889,0.08315697807907967,161.4990234375,2173.790199981531
reggae.00057.wav,661504,0.10337978601455688,0.0023015623446553946,0.003270998927415654,0.07884288295146945,95.703125,2169.0749851424653
reggae.00058.wav,661504,0.09119109064340591,0.0015541366301476955,0.007834762351312627,0.11195424279775715,123.046875,2630.978528430863
reggae.00059.wav,661504,0.1264568567276001,0.00196475675329566,0.003772864102659697,0.11736196708236658,151.99908088235293,2671.459793472698
reggae.00060.wav,661504,0.025826461613178253,0.00034150289138779044,0.006042025295986645,0.11850204526778808,112.34714673913044,2395.488968974987
reggae.00061.wav,661504,0.18103966116905212,0.0029496033675968647,0.0065620458553128334,0.13354284488592422,92.28515625,3123.746872746035
reggae.00062.wav,661504,0.057329460978507996,0.0009376257658004761,0.0029268242612119815,0.06084407325502707,151.99908088235293,2112.4228500725676
reggae.00063.wav,661504,0.09760171175003052,0.0022236311342567205,0.00222739222750988,0.08333522150522042,184.5703125,1910.70451656415
reggae.00064.wav,661504,0.2678528130054474,0.007309563457965851,0.007601506180055167,0.10086425403615623,172.265625,3094.3909521437877
reggae.00065.wav,661504,0.2981976866722107,0.014570465311408043,0.0027592706318387973,0.08282126111755607,89.10290948275862,2081.122071364067
reggae.00066.wav,661504,0.1291678249835968,0.002649999223649502,0.0012799905175044032,0.06708825768561485,161.4990234375,1628.9791058659616
reggae.00067.wav,661504,0.14014482498168945,0.0019663351122289896,0.0010583056909080732,0.06046832704949729,83.35433467741936,1728.2543051766754
reggae.00068.wav,661504,0.09535842388868332,0.001786314183846116,0.0031076576346968946,0.07783120045436968,135.99917763157896,2104.4628968567395
reggae.00069.wav,661504,0.12580503523349762,0.001499280333518982,0.0031561929710392294,0.08037456798627224,143.5546875,2460.2803864725665
reggae.00070.wav,661504,0.14911046624183655,0.0017945864237844944,0.0011797607226723746,0.060985686146558395,172.265625,2288.3676811914866
reggae.00071.wav,661504,0.1508352905511856,0.004891701973974705,0.010874821750821634,0.12158920630317092,143.5546875,3110.220722839697
reggae.00072.wav,661504,0.14292854070663452,0.004758390597999096,0.007493782058174148,0.13615569714327147,112.34714673913044,3089.6371845235235
reggae.00073.wav,661504,0.19226059317588806,0.0012985282810404897,0.0008738100002173676,0.05103162159222738,83.35433467741936,2152.029696439789
reggae.00074.wav,661504,0.19225192070007324,0.0012997688027098775,0.0008772604662350302,0.05099348052010828,172.265625,2148.196262118475
reggae.00075.wav,661504,0.17098131775856018,0.006625456269830465,0.003009969695321378,0.13501222024845322,143.5546875,2481.3804941498192
reggae.00076.wav,661504,0.21088026463985443,0.00664692185819149,0.005826599170967664,0.08823842626160093,161.4990234375,2456.1378121301186
reggae.00077.wav,661504,0.11657876521348953,0.001520204939879477,0.0013174748787773349,0.06088825647718484,143.5546875,1777.8395856871614
reggae.00078.wav,661504,0.09435921162366867,0.000980191514827311,0.0028019961877297763,0.09374924473124517,161.4990234375,2316.624696854046
reggae.00079.wav,661504,0.08066028356552124,0.002639286918565631,0.012295008156186274,0.1863670968677494,151.99908088235293,3002.494625958869
reggae.00080.wav,661504,0.19571492075920105,0.010600089095532894,0.004990525687576464,0.09429756984725444,99.38401442307692,2539.12100915184
reggae.00081.wav,661504,0.17954020202159882,0.010025117546319962,0.005637127541157583,0.09938166147041763,99.38401442307692,2566.692787337276
reggae.00082.wav,661504,0.17954020202159882,0.010025117546319962,0.005637127541157583,0.09938166147041763,99.38401442307692,2566.692787337276
reggae.00083.wav,661504,0.05681594833731651,0.0010775773553177714,0.002746899218491866,0.0711814367024362,129.19921875,1366.30603509098
reggae.00084.wav,661504,0.11427191644906998,0.0013048206456005573,0.0015143900909598972,0.07597437222061099,198.76802884615384,1787.7487857416345
reggae.00085.wav,661504,0.11959236860275269,0.003572937101125717,0.0038465688744175456,0.0993631573859242,86.1328125,1796.8287818453114
reggae.00086.wav,661504,0.3510546386241913,0.014394684694707394,0.012653741728114641,0.26014779098994584,129.19921875,4435.243900599968
reggae.00087.wav,661504,0.20778287947177887,0.012885939329862595,0.011987641726079166,0.12183240284222738,83.35433467741936,3296.900340202879
reggae.00088.wav,661504,0.12009081244468689,0.0017369943670928478,0.007257568639121155,0.18918764803267596,107.666015625,3881.1260227531525
reggae.00089.wav,661504,0.15144991874694824,0.00395458796992898,0.0007049810790343887,0.038035334493426144,151.99908088235293,1052.2093289413267
reggae.00090.wav,661504,0.144260972738266,0.008266165852546692,0.009764953409464011,0.13065696297370458,151.99908088235293,2868.2336817872942
reggae.00091.wav,661504,0.06887757033109665,0.0009360180702060461,0.0023234530307344606,0.12383575321442382,143.5546875,2313.837204027342
reggae.00092.wav,661504,0.09222099184989929,0.0017159319249913096,0.002202943285385513,0.11999294578982986,143.5546875,2170.5445047828625
reggae.00093.wav,661504,0.10712913423776627,0.0017591823125258088,0.001994144025171982,0.0892859840245553,89.10290948275862,2108.8990772454226
reggae.00094.wav,661504,0.1347530484199524,0.0013089488493278623,0.002610566388172634,0.09561853489945862,129.19921875,2022.4768503475636
reggae.00095.wav,661504,0.1623404175043106,0.004119709134101868,0.0026254214747363823,0.1031685790071539,123.046875,2617.0246825399286
reggae.00096.wav,661504,0.16222959756851196,0.005087133031338453,0.004149680185553324,0.0796547968629157,89.10290948275862,1629.7999503085323
reggae.00097.wav,661504,0.11074616760015488,0.002601038198918104,0.001726295246414254,0.09398639912026295,161.4990234375,2006.8922114716922
reggae.00098.wav,661504,0.13920308649539948,0.0022020742762833834,0.0017150903579667804,0.0648337804524362,123.046875,2026.298986070191
reggae.00099.wav,661504,0.18017694354057312,0.0014817091869190335,0.004165093522883479,0.13959632395591648,117.45383522727273,2467.092359992306
rock.00000.wav,661794,0.1291273534297943,0.005176494363695383,0.001637011879503814,0.09022025147428461,123.046875,1996.327664393569
rock.00001.wav,661794,0.18046966195106506,0.004920276813209057,0.0008505703507633726,0.05495977438611756,151.99908088235293,1529.474960625274
rock.00002.wav,661794,0.14866214990615845,0.006554810795933008,0.0022585211558165167,0.07680441258217324,107.666015625,1875.3156310172185
rock.00003.wav,661794,0.15129947662353516,0.00398681778460741,0.0009387563717807856,0.0430986562258314,95.703125,1421.4459797175741
rock.00004.wav,661794,0.20873917639255524,0.0018119837623089552,0.001326453826093628,0.04107944520978345,103.359375,1345.6930613276418
rock.00005.wav,661794,0.20384015142917633,0.0030992096289992332,0.0003190024299724785,0.07702117471481051,99.38401442307692,1542.1318211375356
rock.00006.wav,661794,0.1800919771194458,0.0035717093851417303,0.0013243877174166697,0.08730529171500387,112.34714673913044,1676.1187569165345
rock.00007.wav,661794,0.15709714591503143,0.003632005536928773,0.001039512994052671,0.047179750942575406,89.10290948275862,1282.1659089735392
rock.00008.wav,661794,0.26094314455986023,0.0009163405047729611,0.00031028019509660225,0.08495074137180975,172.265625,1717.1319766865513
rock.00009.wav,661794,0.12824872136116028,0.003797039156779647,0.00038905118978240107,0.04253295992846094,75.99954044117646,1181.2313375423403
rock.00010.wav,661794,0.15351396799087524,0.0026991120539605618,0.001792337409446518,0.07170823665893271,161.4990234375,1857.9488683792245
rock.00011.wav,661794,0.12341582030057907,0.0009434518287889659,0.0016077067950221369,0.05433025787896365,117.45383522727273,1537.5906799015593
rock.00012.wav,661794,0.07591646164655685,0.001304609002545476,0.003194016440927993,0.0682249371616396,112.34714673913044,1863.6767997588179
rock.00013.wav,661794,0.133714959025383,0.001950686564669013,0.0014795850367416506,0.04610991275135344,123.046875,1597.531261046634
rock.00014.wav,661794,0.05365990474820137,0.0011370795546099544,0.005583384855288103,0.0835791733130317,117.45383522727273,1937.0466391538591
rock.00015.wav,661794,0.08230483531951904,0.003096984000876546,0.006500616080961253,0.11416000519624904,135.99917763157896,2335.5626669025687
rock.00016.wav,661794,0.18455268442630768,0.0010364779736846685,0.0011601360614878437,0.1428334058391338,143.5546875,2459.4994227321545
rock.00017.wav,661794,0.16609615087509155,0.0012103529879823327,0.001161095990578981,0.14054758495262953,123.046875,2312.1602850682593
rock.00018.wav,661794,0.14072614908218384,0.002170902444049716,0.0025068845349651083,0.11578005667536737,117.45383522727273,2209.043075640221
rock.00019.wav,661794,0.11226458847522736,0.0014599054120481014,0.0018804624146087807,0.12819063285479504,117.45383522727273,2321.18947931781
rock.00020.wav,661794,0.15254956483840942,0.0020436709746718407,0.0025779670821172054,0.11753303545533643,99.38401442307692,2188.143059972821
rock.00021.wav,661794,0.16151903569698334,0.0025322111323475838,0.00287810113160439,0.121568436412413,184.5703125,2158.2060420913685
rock.00022.wav,661794,0.1739187240600586,0.002272451063618064,0.0022189663220703033,0.13844302856728538,198.76802884615384,2342.440835994473
rock.00023.wav,661794,0.13575759530067444,0.0016700868727639318,0.002368106960200071,0.11556707088650425,73.828125,2294.785906674184
rock.00024.wav,661794,0.15664248168468475,0.0016142671229317784,0.002008805656088223,0.14343044578982986,73.828125,2320.3026430769382
rock.00025.wav,661794,0.14919933676719666,0.001541299861855805,0.0019227859858536396,0.15782813406322505,103.359375,2510.2309899138795
rock.00026.wav,661794,0.15271958708763123,0.001172947115264833,0.0021532998742007196,0.12290601737722351,112.34714673913044,2263.1554320011815
rock.00027.wav,661500,0.07920479029417038,0.0002482748532202095,0.004557295710476564,0.13342209570917182,151.99908088235293,2669.22560161555
rock.00028.wav,661794,0.13885585963726044,0.0008770713466219604,0.0013508897310199578,0.10197110039636505,135.99917763157896,2046.7124171448247
rock.00029.wav,661794,0.18016409873962402,0.0012306130956858397,0.0022686079244187383,0.11150145917923433,123.046875,2445.028012751342
rock.00030.wav,661794,0.0965365618467331,0.0004995695198886096,0.0036779132800871858,0.11491716212296983,117.45383522727273,2944.36059987096
rock.00031.wav,661794,0.12621743977069855,0.0030825864523649216,0.003145667683973978,0.1324454393851508,117.45383522727273,2639.202418488209
rock.00032.wav,670340,0.22194220125675201,0.002420340897515416,0.0016669991919297065,0.11589709565839694,92.28515625,2344.557639711626
rock.00033.wav,661794,0.12796016037464142,0.0013941929209977388,0.000705522968416734,0.07487394564481825,117.45383522727273,1673.8775736070381
rock.00034.wav,669460,0.1911093294620514,0.0007765294867567718,0.0015101520204161896,0.13492539898700306,135.99917763157896,2788.2505763444437
rock.00035.wav,661794,0.12415813654661179,0.0004588776209857315,0.0006292575380888801,0.05698049593967518,129.19921875,1867.0823938993342
rock.00036.wav,667920,0.21639539301395416,0.001450596028007567,0.002449327108715504,0.14704748862547892,135.99917763157896,2850.226846254986
rock.00037.wav,661794,0.11341319978237152,0.0009841040009632707,0.002434224210761945,0.14627101157675948,129.19921875,2626.720259282235
rock.00038.wav,661408,0.21938663721084595,0.004276257008314133,0.0035422740809959432,0.14055017052051083,135.99917763157896,2794.957193727644
rock.00039.wav,661794,0.14438317716121674,0.001478911959566176,0.0013836326493271935,0.12275949523878577,143.5546875,2559.136373910091
rock.00040.wav,661794,0.14293496310710907,0.003150105709210038,0.0034656322249357547,0.14475178847641146,112.34714673913044,3009.95870728667
rock.00041.wav,661794,0.1607728749513626,0.0020660520531237125,0.003308363798247909,0.14835555334010053,117.45383522727273,2806.851354542389
rock.00042.wav,661794,0.11899858713150024,0.0019593604374676943,0.004258426751473014,0.13765528325599383,161.4990234375,2794.8155285561966
rock.00043.wav,661794,0.13985833525657654,0.0033933634404093027,0.0026607509363414266,0.14395686811194897,89.10290948275862,2739.3914429411548
rock.00044.wav,661794,0.14435631036758423,0.0012302041286602616,0.0005114312630844836,0.06890203560034802,92.28515625,1651.4210859526786
rock.00045.wav,661794,0.0969948023557663,0.0008151177316904068,0.0008125600145595518,0.07895466272718484,151.99908088235293,1560.999791662259
rock.00046.wav,661794,0.12068000435829163,0.0013719374546781182,0.0016775927327495313,0.11818445475638051,103.359375,2429.0310406215276
rock.00047.wav,661794,0.13896891474723816,0.0019735677633434534,0.005149487848221891,0.1562231879592034,107.666015625,2997.7243180550076
rock.00048.wav,661794,0.14561142027378082,0.0005738512263633311,0.0007798133065946844,0.08525284887374324,129.19921875,1646.2120742875447
rock.00049.wav,661794,0.10101725161075592,0.0023152059875428677,0.0029176165924991435,0.09133351761890951,112.34714673913044,2077.9426068946104
rock.00050.wav,661794,0.14130212366580963,0.0050918543711304665,0.0014560690209360694,0.05330347000676721,123.046875,1721.0884600743702
rock.00051.wav,661794,0.16175979375839233,0.002188509562984109,0.005824996416173913,0.12085810614849188,172.265625,3031.033547083498
rock.00052.wav,661794,0.11339797079563141,0.005570984911173582,0.006689176752031415,0.08856659053557618,129.19921875,2186.622282256858
rock.00053.wav,661794,0.19022750854492188,0.0018846236634999514,0.003566753324311317,0.18754758193155452,117.45383522727273,3361.7232515596666
rock.00054.wav,661794,0.06548378616571426,0.0006362874410115182,0.0072983240984107675,0.13240314433488012,107.666015625,2632.220428269073
rock.00055.wav,661794,0.147184818983078,0.0022988554555922747,0.000366298502920158,0.06657807364172467,129.19921875,1712.3913159202511
rock.00056.wav,661794,0.17575035989284515,0.0020498987287282944,0.004664278567085413,0.17753347351121423,135.99917763157896,3303.1623095043396
rock.00057.wav,661794,0.12264493107795715,0.0010052196448668838,0.003947906829941883,0.17507016446732404,123.046875,3488.554942688446
rock.00058.wav,661794,0.08749311417341232,0.00020107247109990567,0.004250416949414565,0.09895493462393658,135.99917763157896,2438.007049398
rock.00059.wav,661794,0.05121036246418953,0.00018367430311627686,0.0026817618926204025,0.08653680575696056,117.45383522727273,2424.136647569096
rock.00060.wav,661794,0.10332649946212769,0.0005983602604828775,0.002611599095974347,0.13464402673047177,89.10290948275862,2796.5121705291363
rock.00061.wav,661794,0.08835335075855255,0.0004410585097502917,0.002358579284890683,0.06905497752320186,80.74951171875,2071.3773180976523
rock.00062.wav,661794,0.060483284294605255,0.0007919474155642092,0.004503730980195873,0.10852154630703789,123.046875,2947.0945067509
rock.00063.wav,661794,0.053093068301677704,0.00036449695471674204,0.002803697488167925,0.05584948097931168,75.99954044117646,1711.0402197518183
rock.00064.wav,661794,0.10710582137107849,0.0016521308571100235,0.0014719640506469644,0.10636978562451663,151.99908088235293,2181.21508104674
rock.00065.wav,661794,0.11473215371370316,0.0013006083900108933,0.0014174605003808153,0.12909317901682135,123.046875,2294.1799286661003
rock.00066.wav,661794,0.04301047697663307,0.0008277466986328363,0.0028186301687346234,0.10714657953886311,75.99954044117646,2209.483104262664
rock.00067.wav,661794,0.10026669502258301,0.001548374304547906,0.0036452169451631003,0.11988569762664346,103.359375,2414.1524666266187
rock.00068.wav,661794,0.09121294319629669,0.0005538190016523004,0.0025487040423852877,0.11827508700696056,123.046875,2467.2846541733365
rock.00069.wav,661794,0.04701695591211319,0.00027251470601186156,0.004209777401967429,0.13763375809648104,172.265625,2568.4195371989717
rock.00070.wav,661794,0.05413790047168732,0.0006476865382865071,0.0036092785120732393,0.13911899410286155,172.265625,2511.6038995554068
rock.00071.wav,661794,0.16104255616664886,0.002512657782062888,0.0012385431229758213,0.09080369658739366,112.34714673913044,2025.1566621224267
rock.00072.wav,661794,0.16546505689620972,0.0023524975404143333,0.0026586469849938766,0.08170157518851508,103.359375,1933.3485732197412
rock.00073.wav,661794,0.16936026513576508,0.0021625778172165155,0.0024382915333306453,0.11002037715100542,95.703125,2223.937480185976
rock.00074.wav,661794,0.15387822687625885,0.0019644678104668856,0.001020668929610226,0.09114092408642692,112.34714673913044,2140.28934341281
rock.00075.wav,661794,0.12693482637405396,0.0017820005305111408,0.0032004194261543092,0.11151731982308585,117.45383522727273,2301.799132172464
rock.00076.wav,661794,0.1458403617143631,0.0023094017524272203,0.0029309644677357554,0.07118068143368136,95.703125,1659.5793609914592
rock.00077.wav,661794,0.12874574959278107,0.001909581245854497,0.0017391199021864017,0.10623761359242073,107.666015625,2187.9774769670653
rock.00078.wav,661794,0.14442037045955658,0.0020869174040853977,0.003289194227969901,0.0717101248308198,99.38401442307692,1878.5499522327996
rock.00079.wav,661794,0.11672379821538925,0.0007888113032095134,0.001541895882962208,0.10910574668890177,123.046875,2148.4104634928817
rock.00080.wav,661794,0.10438394546508789,0.0008774324669502676,0.0023288708558556388,0.14967274204853054,117.45383522727273,2606.182823508925
rock.00081.wav,661794,0.09366793930530548,0.0014659228036180139,0.0035474332312964594,0.1361319061774942,117.45383522727273,2553.5270513645432
rock.00082.wav,661794,0.09334027022123337,0.0010328927310183644,0.004122790078151783,0.1837123271945089,99.38401442307692,2975.8049828513485
rock.00083.wav,661794,0.10172751545906067,0.000517536886036396,0.0008113164267283047,0.09278892050947408,123.046875,2116.2405499597658
rock.00084.wav,661794,0.10688646137714386,0.0007873211870901287,0.0041446697122625295,0.1392005631283836,129.19921875,2581.4688400794225
rock.00085.wav,661794,0.06300616264343262,0.0008759297779761255,0.003726848437716483,0.12097706097737819,184.5703125,2255.709363679899
rock.00086.wav,661794,0.0762890949845314,0.002294667297974229,0.005608476780554009,0.14628158533932714,129.19921875,2521.2287252293986
rock.00087.wav,661794,0.16584347188472748,0.0010309332283213735,0.0007913492263565582,0.12855316185711524,129.19921875,2334.498686202529
rock.00088.wav,661794,0.08958272635936737,0.0014803132507950068,0.0036490372948284355,0.16172267739752513,92.28515625,2590.730305970991
rock.00089.wav,661794,0.10523093491792679,0.0013818119186908007,0.001771492615693374,0.07325653760634183,107.666015625,1609.7388932606377
rock.00090.wav,661794,0.15472376346588135,0.0014836241025477648,0.0017713309119406103,0.12063605713457076,123.046875,2495.723201525459
rock.00091.wav,661794,0.10828357934951782,0.00016136298654600978,0.0018154139276444416,0.15013458889211137,143.5546875,2474.2574228047565
rock.00092.wav,661794,0.10691297799348831,0.00021467691112775356,0.0009732999995177241,0.15093857248163187,129.19921875,2471.353262989943
rock.00093.wav,661794,0.1057792454957962,0.0004797846486326307,0.000685167853076819,0.09832088650425368,103.359375,1939.7208381111172
rock.00094.wav,661794,0.10196007788181305,0.00037172279553487897,0.0010224855149872998,0.14664940122293116,112.34714673913044,2628.8637875540994
rock.00095.wav,661794,0.07948579639196396,0.00034516555024310946,0.001304727902572771,0.08922745069605569,103.359375,2008.149458480015
rock.00096.wav,661794,0.07645820081233978,0.0005882036639377475,0.0008675365527162448,0.09766418032192575,117.45383522727273,2006.8433535794888
rock.00097.wav,661794,0.0816509798169136,0.0003223497187718749,0.0016968198977234162,0.12182258434841454,129.19921875,2077.526598273495
rock.00098.wav,661794,0.08385993540287018,0.0012110167881473899,0.0008075376512072434,0.048724275546210366,73.828125,1398.6993438688792
rock.00099.wav,661794,0.054454028606414795,0.00033589181839488447,0.0021712966553924305,0.07630480230085074,123.046875,1609.7950823242534
